# CFTC public record (grade-A leg, board 2026-09-14); knowable_at = report Tuesday + 3 days (point-in-time rule).
report_date,contract_market_name,open_interest_all,lev_money_long,lev_money_short,asset_mgr_long,asset_mgr_short,lev_money_net,knowable_at
2017-12-19,BITCOIN-USD,2821,255,353,0,0,-98.0,2017-12-22
2017-12-26,BITCOIN-USD,3737,259,1138,0,0,-879.0,2017-12-29
2018-01-02,BITCOIN-USD,4065,274,380,0,0,-106.0,2018-01-05
2018-01-09,BITCOIN-USD,4624,521,654,0,0,-133.0,2018-01-12
2018-01-16,BITCOIN-USD,4736,379,608,0,0,-229.0,2018-01-19
2018-01-23,BITCOIN-USD,5193,1142,518,0,0,624.0,2018-01-26
2018-01-30,BITCOIN-USD,5738,895,2974,0,0,-2079.0,2018-02-02
2018-02-06,BITCOIN-USD,6932,814,3572,0,0,-2758.0,2018-02-09
2018-02-13,BITCOIN-USD,5704,619,2861,0,119,-2242.0,2018-02-16
2018-02-20,BITCOIN-USD,6050,1107,3407,0,255,-2300.0,2018-02-23
2018-02-27,BITCOIN-USD,6032,1561,3741,0,104,-2180.0,2018-03-02
2018-03-06,BITCOIN-USD,5563,1451,3824,0,110,-2373.0,2018-03-09
2018-03-13,BITCOIN-USD,6429,2278,4737,0,41,-2459.0,2018-03-16
2018-03-20,BITCOIN-USD,6261,2214,4487,220,0,-2273.0,2018-03-23
2018-03-27,BITCOIN-USD,6322,2221,4729,289,0,-2508.0,2018-03-30
2018-04-03,BITCOIN-USD,6198,1810,4773,379,0,-2963.0,2018-04-06
2018-04-10,BITCOIN,1702,902,1108,122,0,-206.0,2018-04-13
2018-04-10,BITCOIN-USD,6614,1740,4826,424,0,-3086.0,2018-04-13
2018-04-17,BITCOIN,2029,1053,1313,122,0,-260.0,2018-04-20
2018-04-17,BITCOIN-USD,6433,1630,4700,343,0,-3070.0,2018-04-20
2018-04-24,BITCOIN,2380,1194,1682,105,0,-488.0,2018-04-27
2018-04-24,BITCOIN-USD,5753,1838,4099,82,0,-2261.0,2018-04-27
2018-05-01,BITCOIN,1991,1198,1348,0,0,-150.0,2018-05-04
2018-05-01,BITCOIN-USD,5816,1920,3965,144,0,-2045.0,2018-05-04
2018-05-08,BITCOIN,2485,1284,1707,0,0,-423.0,2018-05-11
2018-05-08,BITCOIN-USD,6295,2211,4214,166,0,-2003.0,2018-05-11
2018-05-15,BITCOIN,2505,1338,1657,0,29,-319.0,2018-05-18
2018-05-15,BITCOIN-USD,6048,1674,4008,135,28,-2334.0,2018-05-18
2018-05-22,BITCOIN,2684,1323,1872,0,29,-549.0,2018-05-25
2018-05-22,BITCOIN-USD,5368,1755,3312,0,27,-1557.0,2018-05-25
2018-05-29,BITCOIN,2714,1172,1812,38,25,-640.0,2018-06-01
2018-05-29,BITCOIN-USD,5480,1622,3566,150,40,-1944.0,2018-06-01
2018-06-05,BITCOIN,2556,1126,1845,47,29,-719.0,2018-06-08
2018-06-05,BITCOIN-USD,5618,1455,3915,153,28,-2460.0,2018-06-08
2018-06-12,BITCOIN,2643,1349,1634,0,108,-285.0,2018-06-15
2018-06-12,BITCOIN-USD,5970,1420,3746,159,72,-2326.0,2018-06-15
2018-06-19,BITCOIN,2633,1478,1414,52,59,64.0,2018-06-22
2018-06-19,BITCOIN-USD,5365,1486,3632,212,0,-2146.0,2018-06-22
2018-06-26,BITCOIN,2687,1508,1505,0,111,3.0,2018-06-29
2018-06-26,BITCOIN-USD,5797,1630,3361,174,82,-1731.0,2018-06-29
2018-07-03,BITCOIN,2514,1198,1639,44,84,-441.0,2018-07-06
2018-07-03,BITCOIN-USD,5254,1278,2852,239,0,-1574.0,2018-07-06
2018-07-10,BITCOIN,2622,1412,1652,0,119,-240.0,2018-07-13
2018-07-10,BITCOIN-USD,5225,1263,2635,200,42,-1372.0,2018-07-13
2018-07-17,BITCOIN,2854,1469,1990,25,89,-521.0,2018-07-20
2018-07-17,BITCOIN-USD,5122,1245,2325,112,0,-1080.0,2018-07-20
2018-07-24,BITCOIN,3431,1353,2313,44,164,-960.0,2018-07-27
2018-07-24,BITCOIN-USD,4741,1077,2411,100,0,-1334.0,2018-07-27
2018-07-31,BITCOIN,3063,1722,1969,0,209,-247.0,2018-08-03
2018-07-31,BITCOIN-USD,4671,1353,2390,25,79,-1037.0,2018-08-03
2018-08-07,BITCOIN,2732,1481,1454,0,143,27.0,2018-08-10
2018-08-07,BITCOIN-USD,4454,754,1795,26,0,-1041.0,2018-08-10
2018-08-14,BITCOIN,2983,2065,1766,0,215,299.0,2018-08-17
2018-08-14,BITCOIN-USD,4548,875,1845,48,58,-970.0,2018-08-17
2018-08-21,BITCOIN,2981,2104,1838,0,191,266.0,2018-08-24
2018-08-21,BITCOIN-USD,4069,943,1749,73,0,-806.0,2018-08-24
2018-08-28,BITCOIN,2840,1688,1745,67,170,-57.0,2018-08-31
2018-08-28,BITCOIN-USD,4089,809,1760,92,0,-951.0,2018-08-31
2018-09-04,BITCOIN,2707,1187,1657,99,140,-470.0,2018-09-07
2018-09-04,BITCOIN-USD,3940,836,1378,83,0,-542.0,2018-09-07
2018-09-11,BITCOIN,2711,1630,1322,0,199,308.0,2018-09-14
2018-09-11,BITCOIN-USD,4278,973,1499,96,47,-526.0,2018-09-14
2018-09-18,BITCOIN,2742,1566,1382,0,140,184.0,2018-09-21
2018-09-18,BITCOIN-USD,4844,1204,2063,78,0,-859.0,2018-09-21
2018-09-25,BITCOIN,2746,1412,1420,0,131,-8.0,2018-09-28
2018-09-25,BITCOIN-USD,3815,721,1948,27,0,-1227.0,2018-09-28
2018-10-02,BITCOIN,2354,1237,1342,26,125,-105.0,2018-10-05
2018-10-02,BITCOIN-USD,4063,893,1809,0,0,-916.0,2018-10-05
2018-10-09,BITCOIN,2848,1643,1656,0,121,-13.0,2018-10-12
2018-10-09,BITCOIN-USD,4028,1099,1675,0,0,-576.0,2018-10-12
2018-10-16,BITCOIN,2730,1606,1620,54,108,-14.0,2018-10-19
2018-10-16,BITCOIN-USD,4262,1096,1723,29,0,-627.0,2018-10-19
2018-10-23,BITCOIN,3001,1659,1400,0,161,259.0,2018-10-26
2018-10-23,BITCOIN-USD,3522,631,1314,0,0,-683.0,2018-10-26
2018-10-30,BITCOIN,2608,1789,1511,0,238,278.0,2018-11-02
2018-10-30,BITCOIN-USD,3615,565,1061,0,29,-496.0,2018-11-02
2018-11-06,BITCOIN,2913,1877,1965,72,108,-88.0,2018-11-09
2018-11-06,BITCOIN-USD,3465,335,1034,31,0,-699.0,2018-11-09
2018-11-13,BITCOIN,3530,2462,2353,0,250,109.0,2018-11-16
2018-11-13,BITCOIN-USD,3670,564,1119,0,0,-555.0,2018-11-16
2018-11-20,BITCOIN,3729,2152,1912,0,166,240.0,2018-11-23
2018-11-20,BITCOIN-USD,3476,483,712,0,150,-229.0,2018-11-23
2018-11-27,BITCOIN,3791,2416,2089,0,238,327.0,2018-11-30
2018-11-27,BITCOIN-USD,3796,639,1022,0,150,-383.0,2018-11-30
2018-12-04,BITCOIN,3301,2409,2317,34,123,92.0,2018-12-07
2018-12-04,BITCOIN-USD,3822,768,1283,0,150,-515.0,2018-12-07
2018-12-11,BITCOIN,3970,2905,2699,27,256,206.0,2018-12-14
2018-12-11,BITCOIN-USD,4259,739,1569,0,150,-830.0,2018-12-14
2018-12-18,BITCOIN,4359,3091,3213,138,110,-122.0,2018-12-21
2018-12-18,BITCOIN-USD,4591,925,1616,0,150,-691.0,2018-12-21
2018-12-24,BITCOIN,3857,2690,2577,101,140,113.0,2018-12-27
2018-12-24,BITCOIN-USD,3814,557,2045,0,0,-1488.0,2018-12-27
2018-12-31,BITCOIN,3708,2452,2389,80,140,63.0,2019-01-03
2018-12-31,BITCOIN-USD,4088,661,2284,0,0,-1623.0,2019-01-03
2019-01-08,BITCOIN,3764,2610,2648,165,140,-38.0,2019-01-11
2019-01-08,BITCOIN-USD,4173,753,2395,0,0,-1642.0,2019-01-11
2019-01-15,BITCOIN,4473,3417,2923,27,337,494.0,2019-01-18
2019-01-15,BITCOIN-USD,4388,730,2220,0,0,-1490.0,2019-01-18
2019-01-22,BITCOIN,4976,3341,2863,27,344,478.0,2019-01-25
2019-01-22,BITCOIN-USD,3589,554,2629,0,0,-2075.0,2019-01-25
2019-01-29,BITCOIN,4047,2760,2572,30,360,188.0,2019-02-01
2019-01-29,BITCOIN-USD,3593,323,2237,0,0,-1914.0,2019-02-01
2019-02-05,BITCOIN,3881,2532,2429,32,291,103.0,2019-02-08
2019-02-05,BITCOIN-USD,3672,371,2316,0,0,-1945.0,2019-02-08
2019-02-12,BITCOIN,3361,1697,2090,134,205,-393.0,2019-02-15
2019-02-12,BITCOIN-USD,3959,426,2301,0,27,-1875.0,2019-02-15
2019-02-19,BITCOIN,3964,1834,2259,170,165,-425.0,2019-02-22
2019-02-19,BITCOIN-USD,3616,486,1692,0,27,-1206.0,2019-02-22
2019-02-26,BITCOIN,3324,1575,1885,54,283,-310.0,2019-03-01
2019-02-26,BITCOIN-USD,3463,299,1730,0,27,-1431.0,2019-03-01
2019-03-05,BITCOIN,3226,1347,1812,33,228,-465.0,2019-03-08
2019-03-05,BITCOIN-USD,3896,488,2154,0,27,-1666.0,2019-03-08
2019-03-12,BITCOIN,3480,1459,2257,97,195,-798.0,2019-03-15
2019-03-12,BITCOIN-USD,4109,596,2247,0,27,-1651.0,2019-03-15
2019-03-19,BITCOIN,3681,1460,2528,156,177,-1068.0,2019-03-22
2019-03-19,BITCOIN-USD,3350,453,2248,0,27,-1795.0,2019-03-22
2019-03-26,BITCOIN,3428,1238,2105,35,241,-867.0,2019-03-29
2019-03-26,BITCOIN-USD,3037,229,1889,0,27,-1660.0,2019-03-29
2019-04-02,BITCOIN,4000,1517,2598,315,89,-1081.0,2019-04-05
2019-04-02,BITCOIN-USD,3227,351,1862,0,0,-1511.0,2019-04-05
2019-04-09,BITCOIN,4443,1968,2714,244,80,-746.0,2019-04-12
2019-04-09,BITCOIN-USD,3273,366,1573,0,0,-1207.0,2019-04-12
2019-04-16,BITCOIN,4324,2272,2541,163,201,-269.0,2019-04-19
2019-04-16,BITCOIN-USD,2764,212,1198,0,0,-986.0,2019-04-19
2019-04-23,BITCOIN,4313,2025,2458,245,132,-433.0,2019-04-26
2019-04-23,BITCOIN-USD,2710,206,1332,0,0,-1126.0,2019-04-26
2019-04-30,BITCOIN,3817,1789,2375,254,72,-586.0,2019-05-03
2019-04-30,BITCOIN-USD,2921,167,1424,0,0,-1257.0,2019-05-03
2019-05-07,BITCOIN,4388,1941,2692,286,0,-751.0,2019-05-10
2019-05-07,BITCOIN-USD,2607,226,887,0,0,-661.0,2019-05-10
2019-05-14,BITCOIN,4447,2289,2455,199,0,-166.0,2019-05-17
2019-05-21,BITCOIN,4650,2354,2498,223,0,-144.0,2019-05-24
2019-05-28,BITCOIN,5190,2709,2763,319,0,-54.0,2019-05-31
2019-06-04,BITCOIN,4436,2321,2698,300,56,-377.0,2019-06-07
2019-06-11,BITCOIN,4434,2073,3044,359,0,-971.0,2019-06-14
2019-06-18,BITCOIN,5391,2564,2911,354,0,-347.0,2019-06-21
2019-06-25,BITCOIN,6021,3093,3246,310,0,-153.0,2019-06-28
2019-07-02,BITCOIN,5839,3253,3326,188,146,-73.0,2019-07-05
2019-07-09,BITCOIN,6075,3233,3730,249,109,-497.0,2019-07-12
2019-07-16,BITCOIN,5322,2566,3394,211,151,-828.0,2019-07-19
2019-07-23,BITCOIN,4928,2208,2799,102,111,-591.0,2019-07-26
2019-07-30,BITCOIN,4302,1843,2288,251,147,-445.0,2019-08-02
2019-08-06,BITCOIN,4692,1847,2264,260,224,-417.0,2019-08-09
2019-08-13,BITCOIN,4729,2002,2480,222,224,-478.0,2019-08-16
2019-08-20,BITCOIN,4485,1836,2209,266,224,-373.0,2019-08-23
2019-08-27,BITCOIN,4091,1739,2093,237,222,-354.0,2019-08-30
2019-09-03,BITCOIN,4493,1979,2467,324,163,-488.0,2019-09-06
2019-09-10,BITCOIN,4128,1692,2233,244,190,-541.0,2019-09-13
2019-09-17,BITCOIN,4174,1688,2254,262,201,-566.0,2019-09-20
2019-09-24,BITCOIN,4178,1651,2510,42,100,-859.0,2019-09-27
2019-10-01,BITCOIN,3348,1298,2063,70,31,-765.0,2019-10-04
2019-10-08,BITCOIN,3335,1211,2048,140,138,-837.0,2019-10-11
2019-10-15,BITCOIN,3444,1186,2031,210,149,-845.0,2019-10-18
2019-10-22,BITCOIN,3093,950,1714,163,31,-764.0,2019-10-25
2019-10-29,BITCOIN,3155,956,2016,260,86,-1060.0,2019-11-01
2019-11-05,BITCOIN,3520,1221,2345,188,149,-1124.0,2019-11-08
2019-11-12,BITCOIN,3091,912,2043,99,143,-1131.0,2019-11-15
2019-11-19,BITCOIN,3157,1059,1914,67,292,-855.0,2019-11-22
2019-11-26,BITCOIN,3554,1155,1669,56,298,-514.0,2019-11-29
2019-12-03,BITCOIN,2983,894,1257,93,256,-363.0,2019-12-06
2019-12-10,BITCOIN,3232,1069,1766,56,285,-697.0,2019-12-13
2019-12-17,BITCOIN,3840,1578,2446,38,444,-868.0,2019-12-20
2019-12-24,BITCOIN,3541,1179,2256,133,283,-1077.0,2019-12-27
2019-12-31,BITCOIN,3186,1037,1840,159,437,-803.0,2020-01-03
2020-01-07,BITCOIN,5400,2517,3661,338,331,-1144.0,2020-01-10
2020-01-14,BITCOIN,5405,2688,3339,272,300,-651.0,2020-01-17
2020-01-21,BITCOIN,5139,2304,3035,185,445,-731.0,2020-01-24
2020-01-28,BITCOIN,4917,1747,2907,391,438,-1160.0,2020-01-31
2020-02-04,BITCOIN,4367,1436,3136,132,434,-1700.0,2020-02-07
2020-02-11,BITCOIN,6106,2237,4553,367,148,-2316.0,2020-02-14
2020-02-18,BITCOIN,6463,2452,5258,260,177,-2806.0,2020-02-21
2020-02-25,BITCOIN,5632,1774,4511,164,189,-2737.0,2020-02-28
2020-03-03,BITCOIN,4837,764,3454,163,196,-2690.0,2020-03-06
2020-03-10,BITCOIN,4368,1421,3002,115,362,-1581.0,2020-03-13
2020-03-17,BITCOIN,4474,1869,2907,101,465,-1038.0,2020-03-20
2020-03-24,BITCOIN,3909,1136,2291,125,297,-1155.0,2020-03-27
2020-03-31,BITCOIN,3947,1489,2602,173,248,-1113.0,2020-04-03
2020-04-07,BITCOIN,5448,2452,3652,221,204,-1200.0,2020-04-10
2020-04-14,BITCOIN,5538,2260,3198,203,283,-938.0,2020-04-17
2020-04-21,BITCOIN,5648,2394,3026,218,316,-632.0,2020-04-24
2020-04-28,BITCOIN,6111,2024,3379,324,35,-1355.0,2020-05-01
2020-05-05,BITCOIN,7784,3312,4269,316,0,-957.0,2020-05-08
2020-05-12,BITCOIN,9939,4923,6477,282,113,-1554.0,2020-05-15
2020-05-19,BITCOIN,10878,5458,6815,342,193,-1357.0,2020-05-22
2020-05-26,BITCOIN,8722,3880,4783,363,93,-903.0,2020-05-29
2020-06-02,BITCOIN,8824,3684,5752,423,214,-2068.0,2020-06-05
2020-06-09,BITCOIN,9565,4203,6198,435,214,-1995.0,2020-06-12
2020-06-16,BITCOIN,8784,3776,5710,406,294,-1934.0,2020-06-19
2020-06-23,BITCOIN,9330,3847,6230,642,297,-2383.0,2020-06-26
2020-06-30,BITCOIN,7675,3079,5332,362,80,-2253.0,2020-07-03
2020-07-07,BITCOIN,8165,3262,5731,626,203,-2469.0,2020-07-10
2020-07-14,BITCOIN,8322,3573,5460,444,255,-1887.0,2020-07-17
2020-07-21,BITCOIN,9230,4122,6062,485,278,-1940.0,2020-07-24
2020-07-28,BITCOIN,13068,5982,7942,646,684,-1960.0,2020-07-31
2020-08-04,BITCOIN,12703,6312,7702,451,584,-1390.0,2020-08-07
2020-08-11,BITCOIN,13090,6444,7785,206,495,-1341.0,2020-08-14
2020-08-18,BITCOIN,14454,5760,8590,296,585,-2830.0,2020-08-21
2020-08-25,BITCOIN,11615,4839,6148,296,1,-1309.0,2020-08-28
2020-09-01,BITCOIN,10617,4271,6842,745,182,-2571.0,2020-09-04
2020-09-08,BITCOIN,8198,2758,4661,256,35,-1903.0,2020-09-11
2020-09-15,BITCOIN,9383,2819,5224,717,12,-2405.0,2020-09-18
2020-09-22,BITCOIN,8426,2280,4480,285,12,-2200.0,2020-09-25
2020-09-29,BITCOIN,7324,2004,4730,525,28,-2726.0,2020-10-02
2020-10-06,BITCOIN,7511,2153,4854,703,64,-2701.0,2020-10-09
2020-10-13,BITCOIN,9353,3487,6314,702,0,-2827.0,2020-10-16
2020-10-20,BITCOIN,10896,4558,7741,874,0,-3183.0,2020-10-23
2020-10-27,BITCOIN,12665,5462,9010,770,0,-3548.0,2020-10-30
2020-11-03,BITCOIN,11278,4379,8007,800,0,-3628.0,2020-11-06
2020-11-10,BITCOIN,11311,5097,7881,832,7,-2784.0,2020-11-13
2020-11-17,BITCOIN,11509,5305,8097,845,4,-2792.0,2020-11-20
2020-11-24,BITCOIN,12336,5441,9864,668,0,-4423.0,2020-11-27
2020-12-01,BITCOIN,11812,4509,9375,626,0,-4866.0,2020-12-04
2020-12-08,BITCOIN,11750,4365,9354,544,11,-4989.0,2020-12-11
2020-12-15,BITCOIN,11370,3946,8702,492,26,-4756.0,2020-12-18
2020-12-21,BITCOIN,12603,4357,10320,573,30,-5963.0,2020-12-24
2020-12-29,BITCOIN,10653,3679,8466,620,32,-4787.0,2021-01-01
2021-01-05,BITCOIN,11296,3544,9058,793,32,-5514.0,2021-01-08
2021-01-12,BITCOIN,12039,4107,9602,733,0,-5495.0,2021-01-15
2021-01-19,BITCOIN,11945,3911,9119,639,123,-5208.0,2021-01-22
2021-01-26,BITCOIN,10787,3605,7991,308,225,-4386.0,2021-01-29
2021-02-02,BITCOIN,9469,3031,7224,308,357,-4193.0,2021-02-05
2021-02-09,BITCOIN,11055,3149,8481,348,265,-5332.0,2021-02-12
2021-02-16,BITCOIN,11426,3301,8750,338,339,-5449.0,2021-02-19
2021-02-23,BITCOIN,10572,2633,7639,314,551,-5006.0,2021-02-26
2021-03-02,BITCOIN,8068,1757,5563,323,643,-3806.0,2021-03-05
2021-03-09,BITCOIN,8785,2055,6148,331,619,-4093.0,2021-03-12
2021-03-16,BITCOIN,9335,2099,6756,357,516,-4657.0,2021-03-19
2021-03-23,BITCOIN,9897,2606,7198,358,463,-4592.0,2021-03-26
2021-03-30,BITCOIN,9322,2335,7144,354,534,-4809.0,2021-04-02
2021-04-06,BITCOIN,9865,2481,7477,355,519,-4996.0,2021-04-09
2021-04-13,BITCOIN,9653,2979,7634,366,340,-4655.0,2021-04-16
2021-04-20,BITCOIN,8817,2616,6709,372,554,-4093.0,2021-04-23
2021-04-27,BITCOIN,8429,1991,5464,369,869,-3473.0,2021-04-30
2021-05-04,BITCOIN,8306,2544,5507,370,994,-2963.0,2021-05-07
2021-05-04,MICRO BITCOIN,2965,1737,1930,0,0,-193.0,2021-05-07
2021-05-11,BITCOIN,8259,2327,5409,377,910,-3082.0,2021-05-14
2021-05-11,MICRO BITCOIN,5203,1042,2812,0,0,-1770.0,2021-05-14
2021-05-18,BITCOIN,9160,3302,6123,356,1085,-2821.0,2021-05-21
2021-05-18,MICRO BITCOIN,32865,27406,19344,0,0,8062.0,2021-05-21
2021-05-25,BITCOIN,8893,2261,5748,404,651,-3487.0,2021-05-28
2021-05-25,MICRO BITCOIN,37049,28633,22466,160,0,6167.0,2021-05-28
2021-06-01,BITCOIN,7318,2081,4949,407,619,-2868.0,2021-06-04
2021-06-01,MICRO BITCOIN,13050,3375,6993,210,0,-3618.0,2021-06-04
2021-06-08,BITCOIN,7566,2507,4964,382,739,-2457.0,2021-06-11
2021-06-08,MICRO BITCOIN,21144,5892,9010,210,0,-3118.0,2021-06-11
2021-06-15,BITCOIN,7528,2603,5090,517,629,-2487.0,2021-06-18
2021-06-15,MICRO BITCOIN,18230,1993,5699,210,0,-3706.0,2021-06-18
2021-06-22,BITCOIN,7914,2563,4927,419,739,-2364.0,2021-06-25
2021-06-22,MICRO BITCOIN,28720,9516,10915,60,0,-1399.0,2021-06-25
2021-06-29,BITCOIN,6788,2291,4357,542,613,-2066.0,2021-07-02
2021-06-29,MICRO BITCOIN,15481,8095,12974,0,0,-4879.0,2021-07-02
2021-07-06,BITCOIN,6889,2412,4603,504,497,-2191.0,2021-07-09
2021-07-06,MICRO BITCOIN,16228,8448,13747,0,0,-5299.0,2021-07-09
2021-07-13,BITCOIN,7129,2696,4923,546,496,-2227.0,2021-07-16
2021-07-13,MICRO BITCOIN,17959,9232,15269,0,0,-6037.0,2021-07-16
2021-07-20,BITCOIN,8283,3738,5724,560,602,-1986.0,2021-07-23
2021-07-20,MICRO BITCOIN,19719,10470,10830,0,0,-360.0,2021-07-23
2021-07-27,BITCOIN,7802,2800,4841,494,165,-2041.0,2021-07-30
2021-07-27,MICRO BITCOIN,19506,8571,13721,0,0,-5150.0,2021-07-30
2021-08-03,BITCOIN,6408,1969,4782,643,234,-2813.0,2021-08-06
2021-08-03,MICRO BITCOIN,14072,3222,11303,39,0,-8081.0,2021-08-06
2021-08-10,BITCOIN,6769,1995,5113,629,275,-3118.0,2021-08-13
2021-08-10,MICRO BITCOIN,19439,4836,14503,36,0,-9667.0,2021-08-13
2021-08-17,BITCOIN,7363,2292,5542,672,311,-3250.0,2021-08-20
2021-08-17,MICRO BITCOIN,24067,5531,15832,72,0,-10301.0,2021-08-20
2021-08-24,BITCOIN,7515,2016,5302,695,311,-3286.0,2021-08-27
2021-08-24,MICRO BITCOIN,22285,4781,15326,53,0,-10545.0,2021-08-27
2021-08-31,BITCOIN,6362,1810,4797,702,370,-2987.0,2021-09-03
2021-08-31,MICRO BITCOIN,14637,4361,10933,78,0,-6572.0,2021-09-03
2021-09-07,BITCOIN,6659,1684,4990,621,378,-3306.0,2021-09-10
2021-09-07,MICRO BITCOIN,22540,9052,18951,79,0,-9899.0,2021-09-10
2021-09-14,BITCOIN,6620,1780,4496,502,451,-2716.0,2021-09-17
2021-09-14,MICRO BITCOIN,25482,8508,20288,91,0,-11780.0,2021-09-17
2021-09-21,BITCOIN,7348,1971,4939,519,471,-2968.0,2021-09-24
2021-09-21,MICRO BITCOIN,25615,7039,21448,40,0,-14409.0,2021-09-24
2021-09-28,BITCOIN,7039,1338,4956,559,413,-3618.0,2021-10-01
2021-09-28,MICRO BITCOIN,26423,4893,23752,125,0,-18859.0,2021-10-01
2021-10-05,BITCOIN,8886,1710,5994,487,399,-4284.0,2021-10-08
2021-10-05,MICRO BITCOIN,36142,15014,28709,105,0,-13695.0,2021-10-08
2021-10-12,BITCOIN,10918,2148,6863,696,320,-4715.0,2021-10-15
2021-10-12,MICRO BITCOIN,50937,26822,43164,117,0,-16342.0,2021-10-15
2021-10-19,BITCOIN,13605,2072,8317,839,354,-6245.0,2021-10-22
2021-10-19,MICRO BITCOIN,61604,36531,53345,162,0,-16814.0,2021-10-22
2021-10-26,BITCOIN,16671,3185,9423,1794,514,-6238.0,2021-10-29
2021-10-26,MICRO BITCOIN,65656,40491,57278,158,0,-16787.0,2021-10-29
2021-11-02,BITCOIN,13512,2957,8642,4807,691,-5685.0,2021-11-05
2021-11-02,MICRO BITCOIN,21425,9606,14543,165,0,-4937.0,2021-11-05
2021-11-09,BITCOIN,13821,2620,8676,4980,750,-6056.0,2021-11-12
2021-11-09,MICRO BITCOIN,24109,11689,13901,216,0,-2212.0,2021-11-12
2021-11-16,BITCOIN,13648,2236,8182,5139,779,-5946.0,2021-11-19
2021-11-16,MICRO BITCOIN,28752,15839,14962,253,0,877.0,2021-11-19
2021-11-23,BITCOIN,14357,2414,7063,5395,750,-4649.0,2021-11-26
2021-11-23,MICRO BITCOIN,39611,20107,11400,244,0,8707.0,2021-11-26
2021-11-30,BITCOIN,13197,2374,7811,5726,702,-5437.0,2021-12-03
2021-11-30,MICRO BITCOIN,16817,2284,5797,252,0,-3513.0,2021-12-03
2021-12-07,BITCOIN,13242,1997,8095,5826,718,-6098.0,2021-12-10
2021-12-07,MICRO BITCOIN,36875,14831,23873,142,70,-9042.0,2021-12-10
2021-12-14,BITCOIN,13518,2198,7824,5759,778,-5626.0,2021-12-17
2021-12-14,MICRO BITCOIN,41265,18401,26761,34,0,-8360.0,2021-12-17
2021-12-21,BITCOIN,12852,1893,7571,5630,751,-5678.0,2021-12-24
2021-12-21,MICRO BITCOIN,42418,23274,29011,96,0,-5737.0,2021-12-24
2021-12-28,BITCOIN,12468,2453,8104,5554,859,-5651.0,2021-12-31
2021-12-28,MICRO BITCOIN,41281,23128,27637,76,0,-4509.0,2021-12-31
2022-01-04,BITCOIN,10563,1451,6807,5541,900,-5356.0,2022-01-07
2022-01-04,MICRO BITCOIN,16821,4317,5353,183,0,-1036.0,2022-01-07
2022-01-11,BITCOIN,10855,1464,7159,5419,968,-5695.0,2022-01-14
2022-01-11,MICRO BITCOIN,30142,18542,18179,184,0,363.0,2022-01-14
2022-01-18,BITCOIN,11468,1496,7339,5417,1043,-5843.0,2022-01-21
2022-01-18,MICRO BITCOIN,30778,19869,19450,164,0,419.0,2022-01-21
2022-01-25,BITCOIN,11756,1565,7612,5525,1004,-6047.0,2022-01-28
2022-01-25,MICRO BITCOIN,31706,20804,16039,133,0,4765.0,2022-01-28
2022-02-01,BITCOIN,9948,1248,6716,5536,703,-5468.0,2022-02-04
2022-02-01,MICRO BITCOIN,12153,1844,8752,187,0,-6908.0,2022-02-04
2022-02-08,BITCOIN,9886,1045,6361,5856,655,-5316.0,2022-02-11
2022-02-08,MICRO BITCOIN,12929,2990,8192,236,78,-5202.0,2022-02-11
2022-02-15,BITCOIN,10646,1103,6396,6118,718,-5293.0,2022-02-18
2022-02-15,MICRO BITCOIN,16663,6390,9865,182,91,-3475.0,2022-02-18
2022-02-22,BITCOIN,11007,1365,7243,6025,821,-5878.0,2022-02-25
2022-02-22,MICRO BITCOIN,16623,4978,8483,162,92,-3505.0,2022-02-25
2022-03-01,BITCOIN,9980,1036,6299,5862,843,-5263.0,2022-03-04
2022-03-01,MICRO BITCOIN,12364,3532,7258,176,254,-3726.0,2022-03-04
2022-03-08,BITCOIN,9591,906,6174,5893,925,-5268.0,2022-03-11
2022-03-08,MICRO BITCOIN,12031,2383,6809,175,263,-4426.0,2022-03-11
2022-03-15,BITCOIN,10198,982,6512,5957,902,-5530.0,2022-03-18
2022-03-15,MICRO BITCOIN,15578,6055,8364,227,261,-2309.0,2022-03-18
2022-03-22,BITCOIN,11274,1159,6807,6289,816,-5648.0,2022-03-25
2022-03-22,MICRO BITCOIN,25583,10009,8642,191,263,1367.0,2022-03-25
2022-03-29,BITCOIN,12024,1788,7133,6812,614,-5345.0,2022-04-01
2022-03-29,MICRO BITCOIN,15095,1903,12192,191,291,-10289.0,2022-04-01
2022-04-05,BITCOIN,11374,1507,6702,6674,635,-5195.0,2022-04-08
2022-04-05,MICRO BITCOIN,15386,1865,12319,184,345,-10454.0,2022-04-08
2022-04-12,BITCOIN,10632,1374,6654,6110,807,-5280.0,2022-04-15
2022-04-12,MICRO BITCOIN,21609,6584,17947,184,308,-11363.0,2022-04-15
2022-04-19,BITCOIN,11276,1194,6226,6214,570,-5032.0,2022-04-22
2022-04-19,MICRO BITCOIN,20968,7846,17320,178,219,-9474.0,2022-04-22
2022-04-26,BITCOIN,10709,1714,6812,6147,523,-5098.0,2022-04-29
2022-04-26,MICRO BITCOIN,20840,7260,16452,212,219,-9192.0,2022-04-29
2022-05-03,BITCOIN,10051,1496,6834,5831,658,-5338.0,2022-05-06
2022-05-03,MICRO BITCOIN,10914,1723,6168,289,323,-4445.0,2022-05-06
2022-05-10,BITCOIN,10841,1863,7192,5735,888,-5329.0,2022-05-13
2022-05-10,MICRO BITCOIN,17355,4871,11462,315,373,-6591.0,2022-05-13
2022-05-17,BITCOIN,11644,1413,7691,5688,641,-6278.0,2022-05-20
2022-05-17,MICRO BITCOIN,19877,3527,13176,262,421,-9649.0,2022-05-20
2022-05-24,BITCOIN,11729,2116,7249,5386,566,-5133.0,2022-05-27
2022-05-24,MICRO BITCOIN,25340,3410,14785,214,415,-11375.0,2022-05-27
2022-05-31,BITCOIN,10900,1102,6428,5566,572,-5326.0,2022-06-03
2022-05-31,MICRO BITCOIN,12161,3815,7295,177,440,-3480.0,2022-06-03
2022-06-07,BITCOIN,10990,1118,6173,5857,856,-5055.0,2022-06-10
2022-06-07,MICRO BITCOIN,15437,3294,9317,211,800,-6023.0,2022-06-10
2022-06-14,BITCOIN,12242,1344,6572,6371,1060,-5228.0,2022-06-17
2022-06-14,MICRO BITCOIN,20756,3306,13355,194,817,-10049.0,2022-06-17
2022-06-21,BITCOIN,13537,1508,7167,6612,1012,-5659.0,2022-06-24
2022-06-21,MICRO BITCOIN,21850,3679,14576,181,776,-10897.0,2022-06-24
2022-06-28,BITCOIN,13707,2478,7597,6526,1088,-5119.0,2022-07-01
2022-06-28,MICRO BITCOIN,15123,3540,7438,130,973,-3898.0,2022-07-01
2022-07-05,BITCOIN,13258,2171,7408,5914,961,-5237.0,2022-07-08
2022-07-05,MICRO BITCOIN,15400,3327,7917,143,904,-4590.0,2022-07-08
2022-07-12,BITCOIN,13505,2264,7149,6096,1369,-4885.0,2022-07-15
2022-07-12,MICRO BITCOIN,20634,2277,12914,164,833,-10637.0,2022-07-15
2022-07-19,BITCOIN,14512,2800,8296,6247,1211,-5496.0,2022-07-22
2022-07-19,MICRO BITCOIN,21484,2898,13621,207,908,-10723.0,2022-07-22
2022-07-26,BITCOIN,14957,2184,6814,6580,1138,-4630.0,2022-07-29
2022-07-26,MICRO BITCOIN,22196,4484,12265,189,862,-7781.0,2022-07-29
2022-08-02,BITCOIN,12849,2233,7094,7082,957,-4861.0,2022-08-05
2022-08-02,MICRO BITCOIN,18206,1332,11750,188,975,-10418.0,2022-08-05
2022-08-09,BITCOIN,12510,2029,6556,7153,935,-4527.0,2022-08-12
2022-08-09,MICRO BITCOIN,19394,2037,12748,157,1032,-10711.0,2022-08-12
2022-08-16,BITCOIN,12423,1673,6270,7129,983,-4597.0,2022-08-19
2022-08-16,MICRO BITCOIN,19379,2600,12830,168,1106,-10230.0,2022-08-19
2022-08-23,BITCOIN,13302,2804,7502,6368,1144,-4698.0,2022-08-26
2022-08-23,MICRO BITCOIN,24932,3880,17872,186,1138,-13992.0,2022-08-26
2022-08-30,BITCOIN,14440,3928,7908,5823,1410,-3980.0,2022-09-02
2022-08-30,MICRO BITCOIN,16342,4232,10629,140,1162,-6397.0,2022-09-02
2022-09-06,BITCOIN,15337,4538,8072,5402,1899,-3534.0,2022-09-09
2022-09-06,MICRO BITCOIN,17904,5888,11569,185,1148,-5681.0,2022-09-09
2022-09-13,BITCOIN,13089,3420,7045,5653,1394,-3625.0,2022-09-16
2022-09-13,MICRO BITCOIN,19504,7846,13267,135,1226,-5421.0,2022-09-16
2022-09-20,BITCOIN,13880,3390,7241,5488,1431,-3851.0,2022-09-23
2022-09-20,MICRO BITCOIN,22595,9359,15820,100,1284,-6461.0,2022-09-23
2022-09-27,BITCOIN,14271,3472,7962,5666,1151,-4490.0,2022-09-30
2022-09-27,MICRO BITCOIN,22790,10139,16578,125,1311,-6439.0,2022-09-30
2022-10-04,BITCOIN,14230,2682,8175,6028,1117,-5493.0,2022-10-07
2022-10-04,MICRO BITCOIN,20839,11719,15469,20,1305,-3750.0,2022-10-07
2022-10-11,BITCOIN,15756,3722,8172,5902,1486,-4450.0,2022-10-14
2022-10-11,MICRO BITCOIN,20173,10809,14158,89,1290,-3349.0,2022-10-14
2022-10-18,BITCOIN,14228,2091,7219,5992,1158,-5128.0,2022-10-21
2022-10-18,MICRO BITCOIN,22416,12879,15343,41,1314,-2464.0,2022-10-21
2022-10-25,BITCOIN,14854,3525,7875,6309,847,-4350.0,2022-10-28
2022-10-25,MICRO BITCOIN,23882,12299,14763,30,1379,-2464.0,2022-10-28
2022-11-01,BITCOIN,12183,2304,5873,6397,1042,-3569.0,2022-11-04
2022-11-01,MICRO BITCOIN,19130,11534,13171,60,1224,-1637.0,2022-11-04
2022-11-08,BITCOIN,14439,3998,7038,6265,1434,-3040.0,2022-11-11
2022-11-08,MICRO BITCOIN,20870,14080,15675,87,1097,-1595.0,2022-11-11
2022-11-15,BITCOIN,17901,5365,9052,5706,1416,-3687.0,2022-11-18
2022-11-15,MICRO BITCOIN,27287,18338,18716,147,1338,-378.0,2022-11-18
2022-11-22,BITCOIN,18354,5743,8672,5459,1322,-2929.0,2022-11-25
2022-11-22,MICRO BITCOIN,27552,19717,18328,182,1337,1389.0,2022-11-25
2022-11-29,BITCOIN,16832,4842,8606,5606,1369,-3764.0,2022-12-02
2022-11-29,MICRO BITCOIN,13112,7104,7167,178,1382,-63.0,2022-12-02
2022-12-06,BITCOIN,15769,4197,7707,6303,1278,-3510.0,2022-12-09
2022-12-06,MICRO BITCOIN,12461,6781,6662,177,1293,119.0,2022-12-09
2022-12-13,BITCOIN,13989,4176,5677,6455,968,-1501.0,2022-12-16
2022-12-13,MICRO BITCOIN,11142,5297,5722,114,1279,-425.0,2022-12-16
2022-12-20,BITCOIN,14563,3962,5692,6006,875,-1730.0,2022-12-23
2022-12-20,MICRO BITCOIN,12145,6513,5763,110,1255,750.0,2022-12-23
2022-12-27,BITCOIN,16028,4768,6690,5941,969,-1922.0,2022-12-30
2022-12-27,MICRO BITCOIN,11146,5854,5282,121,1223,572.0,2022-12-30
2023-01-03,BITCOIN,14530,4453,5650,5766,923,-1197.0,2023-01-06
2023-01-03,MICRO BITCOIN,6429,1521,2056,138,1249,-535.0,2023-01-06
2023-01-10,BITCOIN,14891,5217,6612,6212,880,-1395.0,2023-01-13
2023-01-10,MICRO BITCOIN,7262,1910,2698,143,1244,-788.0,2023-01-13
2023-01-17,BITCOIN,15885,5291,6490,7027,306,-1199.0,2023-01-20
2023-01-17,MICRO BITCOIN,7930,2125,2575,144,851,-450.0,2023-01-20
2023-01-24,BITCOIN,17390,5605,7642,7671,63,-2037.0,2023-01-27
2023-01-24,MICRO BITCOIN,8788,2644,3107,332,80,-463.0,2023-01-27
2023-01-31,BITCOIN,17542,5683,7201,8149,58,-1518.0,2023-02-03
2023-01-31,MICRO BITCOIN,5776,600,2499,480,23,-1899.0,2023-02-03
2023-02-07,BITCOIN,16843,5274,6690,7721,28,-1416.0,2023-02-10
2023-02-07,MICRO BITCOIN,11301,5809,8239,465,17,-2430.0,2023-02-10
2023-02-14,BITCOIN,15158,4207,6159,7187,72,-1952.0,2023-02-17
2023-02-14,MICRO BITCOIN,12060,6365,8856,494,29,-2491.0,2023-02-17
2023-02-21,BITCOIN,16501,4614,6405,7406,70,-1791.0,2023-02-24
2023-02-21,MICRO BITCOIN,13505,6659,7374,471,24,-715.0,2023-02-24
2023-02-28,BITCOIN,15161,4527,6106,7047,240,-1579.0,2023-03-03
2023-02-28,MICRO BITCOIN,7822,2312,3844,497,0,-1532.0,2023-03-03
2023-03-07,BITCOIN,12821,2346,5259,6470,362,-2913.0,2023-03-10
2023-03-07,MICRO BITCOIN,9440,3051,4057,547,0,-1006.0,2023-03-10
2023-03-14,BITCOIN,13472,2551,6047,5924,318,-3496.0,2023-03-17
2023-03-14,MICRO BITCOIN,11001,3634,3950,212,52,-316.0,2023-03-17
2023-03-21,BITCOIN,14049,3484,7746,6899,243,-4262.0,2023-03-24
2023-03-21,MICRO BITCOIN,13339,4447,6433,158,11,-1986.0,2023-03-24
2023-03-28,BITCOIN,14409,4147,7217,6428,220,-3070.0,2023-03-31
2023-03-28,MICRO BITCOIN,15181,4757,6845,160,36,-2088.0,2023-03-31
2023-04-04,BITCOIN,13380,3327,6656,6450,170,-3329.0,2023-04-07
2023-04-04,MICRO BITCOIN,7572,1681,3485,189,27,-1804.0,2023-04-07
2023-04-11,BITCOIN,15977,4637,8136,7376,82,-3499.0,2023-04-14
2023-04-11,MICRO BITCOIN,8928,2135,3186,336,26,-1051.0,2023-04-14
2023-04-18,BITCOIN,15385,4053,7737,7041,249,-3684.0,2023-04-21
2023-04-18,MICRO BITCOIN,9761,2942,3890,389,36,-948.0,2023-04-21
2023-04-25,BITCOIN,14064,2249,6625,6406,256,-4376.0,2023-04-28
2023-04-25,MICRO BITCOIN,10656,4808,3490,378,29,1318.0,2023-04-28
2023-05-02,BITCOIN,12521,2280,6596,6582,363,-4316.0,2023-05-05
2023-05-02,MICRO BITCOIN,7502,1682,3011,401,28,-1329.0,2023-05-05
2023-05-09,BITCOIN,13102,2752,7634,6511,229,-4882.0,2023-05-12
2023-05-09,MICRO BITCOIN,9449,3360,4278,397,5,-918.0,2023-05-12
2023-05-16,BITCOIN,13043,2337,7062,6349,169,-4725.0,2023-05-19
2023-05-16,MICRO BITCOIN,10506,3632,3459,362,632,173.0,2023-05-19
2023-05-23,BITCOIN,13043,2184,7078,6373,180,-4894.0,2023-05-26
2023-05-23,MICRO BITCOIN,10042,3823,3784,341,636,39.0,2023-05-26
2023-05-30,BITCOIN,11715,1865,6639,6478,184,-4774.0,2023-06-02
2023-05-30,MICRO BITCOIN,6569,1430,2995,315,682,-1565.0,2023-06-02
2023-06-06,BITCOIN,13026,2397,7625,6198,368,-5228.0,2023-06-09
2023-06-06,MICRO BITCOIN,7600,2292,3222,325,802,-930.0,2023-06-09
2023-06-13,BITCOIN,13251,1859,7634,6045,327,-5775.0,2023-06-16
2023-06-13,MICRO BITCOIN,7915,2279,3300,354,912,-1021.0,2023-06-16
2023-06-20,BITCOIN,15687,3308,9079,6540,261,-5771.0,2023-06-23
2023-06-20,MICRO BITCOIN,9173,2753,3389,356,1058,-636.0,2023-06-23
2023-06-27,BITCOIN,18829,6145,10411,7603,70,-4266.0,2023-06-30
2023-06-27,MICRO BITCOIN,10700,2633,3054,876,26,-421.0,2023-06-30
2023-07-03,BITCOIN,17008,5356,10464,8311,70,-5108.0,2023-07-06
2023-07-03,MICRO BITCOIN,9138,2093,4585,888,22,-2492.0,2023-07-06
2023-07-11,BITCOIN,16302,4189,9931,8243,152,-5742.0,2023-07-14
2023-07-11,MICRO BITCOIN,11107,2159,5477,863,34,-3318.0,2023-07-14
2023-07-18,BITCOIN,15455,2487,8830,8958,113,-6343.0,2023-07-21
2023-07-18,MICRO BITCOIN,13887,2116,8191,1565,22,-6075.0,2023-07-21
2023-07-25,BITCOIN,16017,2440,8844,8616,113,-6404.0,2023-07-28
2023-07-25,MICRO BITCOIN,16416,3013,9073,1516,0,-6060.0,2023-07-28
2023-08-01,BITCOIN,14860,2311,8957,8220,121,-6646.0,2023-08-04
2023-08-01,MICRO BITCOIN,9297,1883,4661,1587,0,-2778.0,2023-08-04
2023-08-08,BITCOIN,16743,3637,10164,8748,50,-6527.0,2023-08-11
2023-08-08,MICRO BITCOIN,9344,1786,4677,1600,0,-2891.0,2023-08-11
2023-08-15,BITCOIN,15432,2131,8694,8471,0,-6563.0,2023-08-18
2023-08-15,MICRO BITCOIN,9199,1887,4256,1206,0,-2369.0,2023-08-18
2023-08-22,BITCOIN,17262,2771,10163,7633,582,-7392.0,2023-08-25
2023-08-22,MICRO BITCOIN,10738,2473,4040,456,82,-1567.0,2023-08-25
2023-08-29,BITCOIN,16172,2483,10012,7758,936,-7529.0,2023-09-01
2023-08-29,MICRO BITCOIN,8778,1475,2236,333,693,-761.0,2023-09-01
2023-09-05,BITCOIN,14962,1670,8755,7624,1539,-7085.0,2023-09-08
2023-09-05,MICRO BITCOIN,8998,1311,2168,360,757,-857.0,2023-09-08
2023-09-12,BITCOIN,15423,1660,9221,7295,1291,-7561.0,2023-09-15
2023-09-12,MICRO BITCOIN,8760,2136,2507,400,728,-371.0,2023-09-15
2023-09-19,BITCOIN,16670,2204,10304,7392,850,-8100.0,2023-09-22
2023-09-19,MICRO BITCOIN,8102,1422,2416,373,838,-994.0,2023-09-22
2023-09-26,BITCOIN,14844,1594,8220,7168,1093,-6626.0,2023-09-29
2023-09-26,MICRO BITCOIN,8690,1590,2629,319,806,-1039.0,2023-09-29
2023-10-03,BITCOIN,14447,2373,8565,7336,623,-6192.0,2023-10-06
2023-10-03,MICRO BITCOIN,6193,1266,2163,273,1120,-897.0,2023-10-06
2023-10-10,BITCOIN,14683,1946,9114,7402,517,-7168.0,2023-10-13
2023-10-10,MICRO BITCOIN,7239,1661,3066,320,1086,-1405.0,2023-10-13
2023-10-17,BITCOIN,16561,2576,10429,7344,127,-7853.0,2023-10-20
2023-10-17,MICRO BITCOIN,8511,1677,4391,322,1062,-2714.0,2023-10-20
2023-10-24,BITCOIN,19678,3536,11489,8383,25,-7953.0,2023-10-27
2023-10-24,MICRO BITCOIN,10260,2943,5822,335,548,-2879.0,2023-10-27
2023-10-31,BITCOIN,19603,4780,11822,9181,0,-7042.0,2023-11-03
2023-10-31,MICRO BITCOIN,7862,1229,1959,1070,0,-730.0,2023-11-03
2023-11-07,BITCOIN,21749,4782,12188,10268,0,-7406.0,2023-11-10
2023-11-07,MICRO BITCOIN,10661,1372,2823,1766,64,-1451.0,2023-11-10
2023-11-07,Nano Bitcoin,3380,30,2554,0,0,-2524.0,2023-11-10
2023-11-14,BITCOIN,21203,3958,10635,10886,0,-6677.0,2023-11-17
2023-11-14,MICRO BITCOIN,13372,2088,3872,1633,38,-1784.0,2023-11-17
2023-11-14,Nano Bitcoin,5773,229,2190,0,0,-1961.0,2023-11-17
2023-11-21,BITCOIN,21939,3780,11322,10973,34,-7542.0,2023-11-24
2023-11-21,MICRO BITCOIN,14267,2055,3437,1636,10,-1382.0,2023-11-24
2023-11-21,Nano Bitcoin,5800,893,1986,0,0,-1093.0,2023-11-24
2023-11-28,BITCOIN,23027,4479,13303,11448,0,-8824.0,2023-12-01
2023-11-28,MICRO BITCOIN,9584,2240,4690,1535,0,-2450.0,2023-12-01
2023-11-28,Nano Bitcoin,6095,105,2348,0,0,-2243.0,2023-12-01
2023-12-05,BITCOIN,23035,4390,12535,11735,0,-8145.0,2023-12-08
2023-12-05,MICRO BITCOIN,11235,2460,5069,1493,25,-2609.0,2023-12-08
2023-12-05,Nano Bitcoin,7201,207,2339,0,0,-2132.0,2023-12-08
2023-12-12,BITCOIN,21211,3435,11606,11469,0,-8171.0,2023-12-15
2023-12-12,MICRO BITCOIN,11848,3177,5254,1496,63,-2077.0,2023-12-15
2023-12-12,Nano Bitcoin,13765,176,380,0,0,-204.0,2023-12-15
2023-12-19,BITCOIN,23239,3187,12415,11606,0,-9228.0,2023-12-22
2023-12-19,MICRO BITCOIN,13858,3626,4783,1523,68,-1157.0,2023-12-22
2023-12-19,Nano Bitcoin,14681,0,3531,0,0,-3531.0,2023-12-22
2023-12-26,BITCOIN,22526,2818,12649,11862,0,-9831.0,2023-12-29
2023-12-26,MICRO BITCOIN,14634,2963,5252,1470,38,-2289.0,2023-12-29
2023-12-26,Nano Bitcoin,16628,538,5510,0,0,-4972.0,2023-12-29
2024-01-02,BITCOIN,23579,3317,13616,12724,0,-10299.0,2024-01-05
2024-01-02,MICRO BITCOIN,10404,1538,6408,1430,102,-4870.0,2024-01-05
2024-01-02,Nano Bitcoin,7977,0,776,0,0,-776.0,2024-01-05
2024-01-09,BITCOIN,26846,3579,14998,14339,0,-11419.0,2024-01-12
2024-01-09,MICRO BITCOIN,14146,4213,5224,849,2993,-1011.0,2024-01-12
2024-01-09,Nano Bitcoin,15264,656,8999,0,0,-8343.0,2024-01-12
2024-01-16,BITCOIN,23286,3578,13413,12824,15,-9835.0,2024-01-19
2024-01-16,MICRO BITCOIN,20647,8204,6258,795,2795,1946.0,2024-01-19
2024-01-16,Nano Bitcoin,19028,1365,10407,0,0,-9042.0,2024-01-19
2024-01-23,BITCOIN,22815,2972,11328,12427,42,-8356.0,2024-01-26
2024-01-23,MICRO BITCOIN,24261,8918,7384,818,4733,1534.0,2024-01-26
2024-01-23,Nano Bitcoin,17794,2088,10807,0,0,-8719.0,2024-01-26
2024-01-30,BITCOIN,20679,2642,12123,12793,0,-9481.0,2024-02-02
2024-01-30,MICRO BITCOIN,12009,4812,3057,805,4708,1755.0,2024-02-02
2024-01-30,Nano Bitcoin,11214,91,1795,0,0,-1704.0,2024-02-02
2024-02-06,BITCOIN,20897,2938,12252,12290,0,-9314.0,2024-02-09
2024-02-06,MICRO BITCOIN,16080,7197,3130,797,4708,4067.0,2024-02-09
2024-02-06,Nano Bitcoin,12050,2000,280,0,0,1720.0,2024-02-09
2024-02-13,BITCOIN,24769,3935,14059,13220,0,-10124.0,2024-02-16
2024-02-13,MICRO BITCOIN,19838,10444,4214,769,4708,6230.0,2024-02-16
2024-02-13,Nano Bitcoin,13667,91,600,0,0,-509.0,2024-02-16
2024-02-20,BITCOIN,25530,4400,14677,13724,34,-10277.0,2024-02-23
2024-02-20,MICRO BITCOIN,20586,10069,4638,775,4708,5431.0,2024-02-23
2024-02-20,Nano Bitcoin,14801,114,1837,0,0,-1723.0,2024-02-23
2024-02-27,BITCOIN,25229,4141,15037,14065,311,-10896.0,2024-03-01
2024-02-27,MICRO BITCOIN,17533,7761,6985,894,29,776.0,2024-03-01
2024-02-27,Nano Bitcoin,12272,0,2072,0,0,-2072.0,2024-03-01
2024-03-05,BITCOIN,27747,4650,17059,15924,393,-12409.0,2024-03-08
2024-03-05,MICRO BITCOIN,38184,25199,12267,830,1,12932.0,2024-03-08
2024-03-05,Nano Bitcoin,25025,2675,6347,0,0,-3672.0,2024-03-08
2024-03-12,BITCOIN,30398,3813,19287,18936,464,-15474.0,2024-03-15
2024-03-12,MICRO BITCOIN,47762,31750,15131,743,40,16619.0,2024-03-15
2024-03-12,Nano Bitcoin,25861,0,8238,0,0,-8238.0,2024-03-15
2024-03-19,BITCOIN,33196,5548,19917,18097,524,-14369.0,2024-03-22
2024-03-19,MICRO BITCOIN,54643,38053,17766,577,58,20287.0,2024-03-22
2024-03-19,Nano Bitcoin,28883,0,23231,0,0,-23231.0,2024-03-22
2024-03-26,BITCOIN,31238,3629,19731,19284,588,-16102.0,2024-03-29
2024-03-26,MICRO BITCOIN,64477,42524,20880,526,34,21644.0,2024-03-29
2024-03-26,Nano Bitcoin,24084,226,2974,0,0,-2748.0,2024-03-29
2024-04-02,BITCOIN,29745,3232,19313,19477,548,-16081.0,2024-04-05
2024-04-02,MICRO BITCOIN,15551,4162,5226,629,24,-1064.0,2024-04-05
2024-04-02,Nano Bitcoin,26761,1633,13817,0,0,-12184.0,2024-04-05
2024-04-09,BITCOIN,29074,2994,19010,19547,508,-16016.0,2024-04-12
2024-04-09,MICRO BITCOIN,16624,4119,6488,778,69,-2369.0,2024-04-12
2024-04-09,Nano Bitcoin,31048,1842,17717,0,0,-15875.0,2024-04-12
2024-04-16,BITCOIN,29526,2653,17836,18898,632,-15183.0,2024-04-19
2024-04-16,MICRO BITCOIN,17021,3838,9072,741,68,-5234.0,2024-04-19
2024-04-16,Nano Bitcoin,31565,2934,16162,0,0,-13228.0,2024-04-19
2024-04-23,BITCOIN,27932,2566,19059,19010,517,-16493.0,2024-04-26
2024-04-23,MICRO BITCOIN,21148,3250,13121,654,49,-9871.0,2024-04-26
2024-04-23,Nano Bitcoin,31088,2940,13127,0,0,-10187.0,2024-04-26
2024-04-30,BITCOIN,24795,2061,16525,16882,421,-14464.0,2024-05-03
2024-04-30,MICRO BITCOIN,12318,2447,3559,688,29,-1112.0,2024-05-03
2024-04-30,Nano Bitcoin,24769,644,9377,0,0,-8733.0,2024-05-03
2024-05-07,BITCOIN,26155,1899,17120,17255,476,-15221.0,2024-05-10
2024-05-07,MICRO BITCOIN,19478,7929,7456,782,25,473.0,2024-05-10
2024-05-07,Nano Bitcoin,24740,5,8324,0,0,-8319.0,2024-05-10
2024-05-14,BITCOIN,27077,1833,17479,16904,518,-15646.0,2024-05-17
2024-05-14,MICRO BITCOIN,21965,8472,12322,708,46,-3850.0,2024-05-17
2024-05-14,Nano Bitcoin,26776,502,13563,0,0,-13061.0,2024-05-17
2024-05-21,BITCOIN,30694,2332,19154,18734,706,-16822.0,2024-05-24
2024-05-21,MICRO BITCOIN,31540,12533,21661,719,0,-9128.0,2024-05-24
2024-05-21,Nano Bitcoin,27765,3027,9370,0,0,-6343.0,2024-05-24
2024-05-28,BITCOIN,30255,2140,19191,18594,773,-17051.0,2024-05-31
2024-05-28,MICRO BITCOIN,32606,13004,22712,2884,43,-9708.0,2024-05-31
2024-05-28,Nano Bitcoin,30817,3973,12531,0,0,-8558.0,2024-05-31
2024-06-04,BITCOIN,31086,3326,21276,18527,636,-17950.0,2024-06-07
2024-06-04,MICRO BITCOIN,22799,4411,18201,2998,13,-13790.0,2024-06-07
2024-06-04,Nano Bitcoin,24334,570,8857,0,0,-8287.0,2024-06-07
2024-06-11,BITCOIN,30503,2402,20045,18482,591,-17643.0,2024-06-14
2024-06-11,MICRO BITCOIN,27265,8878,22045,2926,0,-13167.0,2024-06-14
2024-06-11,Nano Bitcoin,35652,134,23187,0,0,-23053.0,2024-06-14
2024-06-18,BITCOIN,30627,2477,19548,17911,654,-17071.0,2024-06-21
2024-06-18,MICRO BITCOIN,28644,10899,23100,2991,0,-12201.0,2024-06-21
2024-06-18,Nano Bitcoin,36761,725,25256,0,0,-24531.0,2024-06-21
2024-06-25,BITCOIN,30171,1655,18592,17398,493,-16937.0,2024-06-28
2024-06-25,MICRO BITCOIN,24927,9282,16676,2803,10,-7394.0,2024-06-28
2024-06-25,Nano Bitcoin,37566,2868,25338,0,0,-22470.0,2024-06-28
2024-07-02,BITCOIN,27063,1251,18022,17291,493,-16771.0,2024-07-05
2024-07-02,MICRO BITCOIN,14574,2753,10289,2694,21,-7536.0,2024-07-05
2024-07-02,Nano Bitcoin,25750,138,11956,0,0,-11818.0,2024-07-05
2024-07-09,BITCOIN,28241,1152,18928,17695,563,-17776.0,2024-07-12
2024-07-09,MICRO BITCOIN,22003,6513,17497,2544,27,-10984.0,2024-07-12
2024-07-09,Nano Bitcoin,25983,390,10211,0,0,-9821.0,2024-07-12
2024-07-16,BITCOIN,31183,1636,20439,19999,656,-18803.0,2024-07-19
2024-07-16,MICRO BITCOIN,28102,11698,20102,2423,25,-8404.0,2024-07-19
2024-07-16,Nano Bitcoin,28195,1562,11628,0,0,-10066.0,2024-07-19
2024-07-23,BITCOIN,32435,1868,20542,20438,636,-18674.0,2024-07-26
2024-07-23,MICRO BITCOIN,33492,18952,24360,2466,0,-5408.0,2024-07-26
2024-07-23,Nano Bitcoin,27442,2340,10438,0,0,-8098.0,2024-07-26
2024-07-30,BITCOIN,28605,2700,20293,19767,643,-17593.0,2024-08-02
2024-07-30,MICRO BITCOIN,22938,8357,14712,2676,34,-6355.0,2024-08-02
2024-07-30,Nano Bitcoin,30000,253,14400,0,0,-14147.0,2024-08-02
2024-08-06,BITCOIN,27535,1882,19127,17710,629,-17245.0,2024-08-09
2024-08-06,MICRO BITCOIN,35838,19464,24373,1406,63,-4909.0,2024-08-09
2024-08-06,Nano Bitcoin,27776,206,12860,0,0,-12654.0,2024-08-09
2024-08-13,BITCOIN,27874,2203,19491,18608,598,-17288.0,2024-08-16
2024-08-13,MICRO BITCOIN,31298,11743,20509,607,122,-8766.0,2024-08-16
2024-08-13,Nano Bitcoin,29220,149,12485,0,0,-12336.0,2024-08-16
2024-08-20,BITCOIN,29630,1905,19036,18784,620,-17131.0,2024-08-23
2024-08-20,MICRO BITCOIN,46944,27473,29492,728,78,-2019.0,2024-08-23
2024-08-20,Nano Bitcoin,30251,309,14995,0,0,-14686.0,2024-08-23
2024-08-27,BITCOIN,29817,2365,20297,19303,604,-17932.0,2024-08-30
2024-08-27,MICRO BITCOIN,44017,24804,29857,1071,107,-5053.0,2024-08-30
2024-08-27,Nano Bitcoin,32153,528,17959,0,0,-17431.0,2024-08-30
2024-09-03,BITCOIN,26859,2184,18876,17664,371,-16692.0,2024-09-06
2024-09-03,MICRO BITCOIN,13719,5944,6166,988,29,-222.0,2024-09-06
2024-09-03,Nano Bitcoin,30094,5018,10906,0,0,-5888.0,2024-09-06
2024-09-10,BITCOIN,28157,1748,18886,18196,367,-17138.0,2024-09-13
2024-09-10,MICRO BITCOIN,20013,7163,7785,947,83,-622.0,2024-09-13
2024-09-10,Nano Bitcoin,30392,2753,16379,0,0,-13626.0,2024-09-13
2024-09-17,BITCOIN,30995,1914,19963,11674,416,-18049.0,2024-09-20
2024-09-17,MICRO BITCOIN,25576,8738,11939,711,127,-3201.0,2024-09-20
2024-09-17,Nano Bitcoin,36358,8019,17675,0,0,-9656.0,2024-09-20
2024-09-24,BITCOIN,30542,1985,20623,9233,365,-18638.0,2024-09-27
2024-09-24,MICRO BITCOIN,21828,5109,9666,2347,127,-4557.0,2024-09-27
2024-09-24,Nano Bitcoin,35857,8663,14726,0,0,-6063.0,2024-09-27
2024-10-01,BITCOIN,28539,2690,20031,9163,359,-17341.0,2024-10-04
2024-10-01,MICRO BITCOIN,15521,3557,12395,2814,0,-8838.0,2024-10-04
2024-10-01,Nano Bitcoin,39999,430,21450,0,0,-21020.0,2024-10-04
2024-10-08,BITCOIN,29382,1980,20828,9632,359,-18848.0,2024-10-11
2024-10-08,MICRO BITCOIN,15447,2939,10834,2627,41,-7895.0,2024-10-11
2024-10-08,Nano Bitcoin,40614,170,19746,0,0,-19576.0,2024-10-11
2024-10-15,BITCOIN,34494,2795,23179,10112,540,-20384.0,2024-10-18
2024-10-15,MICRO BITCOIN,20255,6015,9699,2664,78,-3684.0,2024-10-18
2024-10-15,Nano Bitcoin,36132,7468,10343,0,0,-2875.0,2024-10-18
2024-10-22,BITCOIN,33562,3054,23303,9535,528,-20249.0,2024-10-25
2024-10-22,MICRO BITCOIN,23110,3834,14755,2943,89,-10921.0,2024-10-25
2024-10-22,Nano Bitcoin,39202,572,13709,0,0,-13137.0,2024-10-25
2024-10-29,BITCOIN,33787,3745,24660,10072,546,-20915.0,2024-11-01
2024-10-29,MICRO BITCOIN,33302,20140,24924,2915,125,-4784.0,2024-11-01
2024-10-29,Nano Bitcoin,31716,428,12225,0,0,-11797.0,2024-11-01
2024-11-05,BITCOIN,32011,3484,22738,9865,598,-19254.0,2024-11-08
2024-11-05,MICRO BITCOIN,27845,14437,20618,2982,42,-6181.0,2024-11-08
2024-11-05,Nano Bitcoin,52992,533,43240,79,0,-42707.0,2024-11-08
2024-11-12,BITCOIN,38531,4830,25189,11083,947,-20359.0,2024-11-15
2024-11-12,MICRO BITCOIN,55131,37036,46008,3180,151,-8972.0,2024-11-15
2024-11-12,Nano Bitcoin,52344,604,34608,0,0,-34004.0,2024-11-15
2024-11-19,BITCOIN,41203,4914,25022,11393,947,-20108.0,2024-11-22
2024-11-19,MICRO BITCOIN,50686,29463,39400,2586,122,-9937.0,2024-11-22
2024-11-19,Nano Bitcoin,54423,1855,36430,0,0,-34575.0,2024-11-22
2024-11-26,BITCOIN,40510,5300,24505,11119,960,-19205.0,2024-11-29
2024-11-26,MICRO BITCOIN,43039,17188,30699,2302,93,-13511.0,2024-11-29
2024-11-26,Nano Bitcoin,51895,270,37647,0,0,-37377.0,2024-11-29
2024-12-03,BITCOIN,37021,4094,25749,11038,922,-21655.0,2024-12-06
2024-12-03,MICRO BITCOIN,25030,8437,19618,2484,117,-11181.0,2024-12-06
2024-12-03,Nano Bitcoin,46399,402,31017,0,0,-30615.0,2024-12-06
2024-12-10,BITCOIN,37588,4657,25643,10889,828,-20986.0,2024-12-13
2024-12-10,MICRO BITCOIN,61688,32053,55705,2397,151,-23652.0,2024-12-13
2024-12-10,Nano Bitcoin,56952,764,43398,0,0,-42634.0,2024-12-13
2024-12-17,BITCOIN,42524,3653,26850,11452,854,-23197.0,2024-12-20
2024-12-17,MICRO BITCOIN,61025,28881,47462,2249,213,-18581.0,2024-12-20
2024-12-17,Nano Bitcoin,46955,473,24808,0,0,-24335.0,2024-12-20
2024-12-24,BITCOIN,37125,4140,25242,10767,781,-21102.0,2024-12-27
2024-12-24,MICRO BITCOIN,79479,49083,68782,2339,204,-19699.0,2024-12-27
2024-12-24,Nano Bitcoin,51528,467,30842,0,0,-30375.0,2024-12-27
2024-12-31,BITCOIN,33893,3771,23835,10520,750,-20064.0,2025-01-03
2024-12-31,MICRO BITCOIN,18387,4201,10001,2184,172,-5800.0,2025-01-03
2024-12-31,Nano Bitcoin,49419,520,37893,0,0,-37373.0,2025-01-03
2025-01-07,BITCOIN,35079,4035,25239,10244,705,-21204.0,2025-01-10
2025-01-07,MICRO BITCOIN,27608,3849,17232,2067,177,-13383.0,2025-01-10
2025-01-07,Nano Bitcoin,61043,487,48995,0,0,-48508.0,2025-01-10
2025-01-14,BITCOIN,35471,3877,25213,10346,527,-21336.0,2025-01-17
2025-01-14,MICRO BITCOIN,28909,3062,14871,955,198,-11809.0,2025-01-17
2025-01-14,Nano Bitcoin,53367,690,37922,0,0,-37232.0,2025-01-17
2025-01-21,BITCOIN,38556,2596,25465,11151,512,-22869.0,2025-01-24
2025-01-21,MICRO BITCOIN,28472,3840,10858,1613,69,-7018.0,2025-01-24
2025-01-21,Nano Bitcoin,53579,1208,39756,0,0,-38548.0,2025-01-24
2025-01-28,BITCOIN,34317,3497,25715,10212,675,-22218.0,2025-01-31
2025-01-28,MICRO BITCOIN,33713,6917,16289,2164,62,-9372.0,2025-01-31
2025-01-28,Nano Bitcoin,55337,1944,43247,0,0,-41303.0,2025-01-31
2025-02-04,BITCOIN,32892,3542,24540,9863,616,-20998.0,2025-02-07
2025-02-04,MICRO BITCOIN,27486,5824,17365,2176,62,-11541.0,2025-02-07
2025-02-04,Nano Bitcoin,54912,243,38851,0,0,-38608.0,2025-02-07
2025-02-11,BITCOIN,32949,3361,23444,9494,686,-20083.0,2025-02-14
2025-02-11,MICRO BITCOIN,27167,2790,17180,2178,81,-14390.0,2025-02-14
2025-02-11,Nano Bitcoin,62110,505,48031,0,0,-47526.0,2025-02-14
2025-02-18,BITCOIN,33833,4032,23814,9175,832,-19782.0,2025-02-21
2025-02-18,MICRO BITCOIN,33585,3244,22699,2042,82,-19455.0,2025-02-21
2025-02-18,Nano Bitcoin,60861,377,42423,0,0,-42046.0,2025-02-21
2025-02-25,BITCOIN,32060,3849,23048,8737,512,-19199.0,2025-02-28
2025-02-25,MICRO BITCOIN,30360,3491,18703,1476,99,-15212.0,2025-02-28
2025-02-25,Nano Bitcoin,62418,1780,44173,0,0,-42393.0,2025-02-28
2025-03-04,BITCOIN,28209,2809,21286,8324,433,-18477.0,2025-03-07
2025-03-04,MICRO BITCOIN,16288,3433,9665,1444,380,-6232.0,2025-03-07
2025-03-04,Nano Bitcoin,57789,3996,31014,0,0,-27018.0,2025-03-07
2025-03-11,BITCOIN,28545,2547,20818,7930,596,-18271.0,2025-03-14
2025-03-11,MICRO BITCOIN,19795,3627,12653,599,363,-9026.0,2025-03-14
2025-03-11,Nano Bitcoin,50833,740,23465,0,0,-22725.0,2025-03-14
2025-03-18,BITCOIN,30213,3381,21349,7653,693,-17968.0,2025-03-21
2025-03-18,MICRO BITCOIN,29903,7758,22663,1151,350,-14905.0,2025-03-21
2025-03-18,Nano Bitcoin,49579,1159,20979,0,0,-19820.0,2025-03-21
2025-03-25,BITCOIN,29036,1825,20637,8235,644,-18812.0,2025-03-28
2025-03-25,MICRO BITCOIN,23710,5568,16305,1096,385,-10737.0,2025-03-28
2025-03-25,Nano Bitcoin,45426,1657,7780,0,0,-6123.0,2025-03-28
2025-04-01,BITCOIN,27069,1963,19104,7991,599,-17141.0,2025-04-04
2025-04-01,MICRO BITCOIN,19916,7717,13124,1166,212,-5407.0,2025-04-04
2025-04-01,Nano Bitcoin,47208,2306,13663,0,0,-11357.0,2025-04-04
2025-04-08,BITCOIN,26909,2883,16828,7378,728,-13945.0,2025-04-11
2025-04-08,MICRO BITCOIN,33061,13675,25689,1085,270,-12014.0,2025-04-11
2025-04-08,Nano Bitcoin,53592,985,26479,0,0,-25494.0,2025-04-11
2025-04-15,BITCOIN,27126,888,15328,7300,559,-14440.0,2025-04-18
2025-04-15,MICRO BITCOIN,40915,20654,33515,446,287,-12861.0,2025-04-18
2025-04-15,Nano Bitcoin,49254,957,21823,0,0,-20866.0,2025-04-18
2025-04-22,BITCOIN,28202,1983,18186,8105,904,-16203.0,2025-04-25
2025-04-22,MICRO BITCOIN,39271,14545,25675,355,523,-11130.0,2025-04-25
2025-04-22,Nano Bitcoin,63134,31762,9831,0,0,21931.0,2025-04-25
2025-04-29,BITCOIN,26966,2162,18060,8128,509,-15898.0,2025-05-02
2025-04-29,MICRO BITCOIN,20731,6170,9266,1321,475,-3096.0,2025-05-02
2025-04-29,Nano Bitcoin,45278,219,16106,0,0,-15887.0,2025-05-02
2025-05-06,BITCOIN,27971,3156,19432,7805,423,-16276.0,2025-05-09
2025-05-06,MICRO BITCOIN,22534,5274,10792,1790,451,-5518.0,2025-05-09
2025-05-06,Nano Bitcoin,48060,283,17251,0,0,-16968.0,2025-05-09
2025-05-13,BITCOIN,29070,3043,17182,8623,451,-14139.0,2025-05-16
2025-05-13,MICRO BITCOIN,26467,3630,8173,2545,211,-4543.0,2025-05-16
2025-05-13,Nano Bitcoin,47683,679,22305,0,0,-21626.0,2025-05-16
2025-05-20,BITCOIN,32033,3128,17839,8943,439,-14711.0,2025-05-23
2025-05-20,MICRO BITCOIN,32748,5778,13453,2719,209,-7675.0,2025-05-23
2025-05-20,Nano Bitcoin,50920,2935,17352,0,0,-14417.0,2025-05-23
2025-05-27,BITCOIN,31964,3525,18786,9148,414,-15261.0,2025-05-30
2025-05-27,MICRO BITCOIN,39926,7875,18486,2904,353,-10611.0,2025-05-30
2025-05-27,Nano Bitcoin,57710,438,26476,0,0,-26038.0,2025-05-30
2025-06-03,BITCOIN,29758,4040,18484,8591,449,-14444.0,2025-06-06
2025-06-03,MICRO BITCOIN,25839,6958,9433,2501,417,-2475.0,2025-06-06
2025-06-03,Nano Bitcoin,65064,930,40762,0,0,-39832.0,2025-06-06
2025-06-10,BITCOIN,30261,3649,18785,8737,525,-15136.0,2025-06-13
2025-06-10,MICRO BITCOIN,30189,7854,10311,2490,516,-2457.0,2025-06-13
2025-06-10,Nano Bitcoin,68778,982,43416,0,0,-42434.0,2025-06-13
2025-06-17,BITCOIN,30860,3782,18800,8675,551,-15018.0,2025-06-20
2025-06-17,MICRO BITCOIN,38508,9845,19889,2530,441,-10044.0,2025-06-20
2025-06-17,Nano Bitcoin,71974,35,43945,0,0,-43910.0,2025-06-20
2025-06-24,BITCOIN,31352,3429,19112,8747,516,-15683.0,2025-06-27
2025-06-24,MICRO BITCOIN,34802,7188,15914,1808,472,-8726.0,2025-06-27
2025-06-24,Nano Bitcoin,68864,620,46114,0,0,-45494.0,2025-06-27
2025-07-01,BITCOIN,29388,3712,18353,8519,549,-14641.0,2025-07-04
2025-07-01,MICRO BITCOIN,22284,5448,14895,1790,778,-9447.0,2025-07-04
2025-07-01,Nano Bitcoin,51505,335,31903,0,0,-31568.0,2025-07-04
2025-07-08,BITCOIN,29591,3940,18764,8955,516,-14824.0,2025-07-11
2025-07-08,MICRO BITCOIN,25413,7056,14543,3594,776,-7487.0,2025-07-11
2025-07-08,Nano Bitcoin,59370,193,38348,0,0,-38155.0,2025-07-11
2025-07-15,BITCOIN,31309,5258,19605,9199,465,-14347.0,2025-07-18
2025-07-15,MICRO BITCOIN,29424,6862,16639,3559,523,-9777.0,2025-07-18
2025-07-15,Nano Bitcoin,64096,145,44019,0,0,-43874.0,2025-07-18
2025-07-22,BITCOIN,30797,4724,19707,9131,458,-14983.0,2025-07-25
2025-07-22,MICRO BITCOIN,35822,7318,19730,3373,482,-12412.0,2025-07-25
2025-07-22,NANO BITCOIN PERP STYLE,9722,0,974,0,0,-974.0,2025-07-25
2025-07-22,Nano Bitcoin,53640,2738,36222,0,0,-33484.0,2025-07-25
2025-07-29,BITCOIN,28068,3776,19584,9003,455,-15808.0,2025-08-01
2025-07-29,MICRO BITCOIN,25892,4429,19216,3192,269,-14787.0,2025-08-01
2025-07-29,NANO BITCOIN PERP STYLE,21199,2069,13244,0,0,-11175.0,2025-08-01
2025-07-29,Nano Bitcoin,54771,7235,36675,0,0,-29440.0,2025-08-01
2025-08-05,BITCOIN,27561,4889,18987,8379,420,-14098.0,2025-08-08
2025-08-05,MICRO BITCOIN,32895,5793,25135,3265,425,-19342.0,2025-08-08
2025-08-05,NANO BITCOIN PERP STYLE,31941,458,27218,0,0,-26760.0,2025-08-08
2025-08-05,Nano Bitcoin,53935,7481,42916,0,0,-35435.0,2025-08-08
2025-08-12,BITCOIN,27851,4120,19736,8858,420,-15616.0,2025-08-15
2025-08-12,MICRO BITCOIN,37513,7570,30804,3700,271,-23234.0,2025-08-15
2025-08-12,NANO BITCOIN PERP STYLE,32794,2098,18775,0,0,-16677.0,2025-08-15
2025-08-12,Nano Bitcoin,51868,6521,42972,0,0,-36451.0,2025-08-15
2025-08-19,BITCOIN,28971,4322,19148,8401,439,-14826.0,2025-08-22
2025-08-19,MICRO BITCOIN,37022,8378,29311,2413,474,-20933.0,2025-08-22
2025-08-19,NANO BITCOIN PERP STYLE,37893,3317,21535,0,0,-18218.0,2025-08-22
2025-08-19,Nano Bitcoin,52972,9689,45333,0,0,-35644.0,2025-08-22
2025-08-26,BITCOIN,27481,3581,18587,8397,441,-15006.0,2025-08-29
2025-08-26,MICRO BITCOIN,44851,12878,36331,2274,548,-23453.0,2025-08-29
2025-08-26,NANO BITCOIN PERP STYLE,51853,7591,29406,0,0,-21815.0,2025-08-29
2025-08-26,Nano Bitcoin,44725,5058,35348,0,0,-30290.0,2025-08-29
2025-09-02,BITCOIN,26684,2848,18170,8709,510,-15322.0,2025-09-05
2025-09-02,MICRO BITCOIN,30114,11945,21113,2108,685,-9168.0,2025-09-05
2025-09-02,NANO BITCOIN PERP STYLE,52477,10703,24477,0,0,-13774.0,2025-09-05
2025-09-02,Nano Bitcoin,42480,7578,27472,0,0,-19894.0,2025-09-05
2025-09-09,BITCOIN,26930,3754,18505,8560,714,-14751.0,2025-09-12
2025-09-09,MICRO BITCOIN,26307,4941,16068,2066,674,-11127.0,2025-09-12
2025-09-09,NANO BITCOIN PERP STYLE,48750,2806,21587,0,0,-18781.0,2025-09-12
2025-09-09,Nano Bitcoin,42666,13762,26169,0,0,-12407.0,2025-09-12
2025-09-16,BITCOIN,28844,2958,19327,9038,771,-16369.0,2025-09-19
2025-09-16,MICRO BITCOIN,27820,7396,17419,2236,754,-10023.0,2025-09-19
2025-09-16,NANO BITCOIN PERP STYLE,54954,7196,20287,0,0,-13091.0,2025-09-19
2025-09-16,Nano Bitcoin,40008,15723,22563,0,0,-6840.0,2025-09-19
2025-09-23,BITCOIN,27809,3623,18016,8612,727,-14393.0,2025-09-26
2025-09-23,MICRO BITCOIN,31672,7620,18602,3489,678,-10982.0,2025-09-26
2025-09-23,NANO BITCOIN PERP STYLE,48193,282,17816,0,0,-17534.0,2025-09-26
2025-09-23,Nano Bitcoin,41526,16596,28838,0,0,-12242.0,2025-09-26
2025-09-30,BITCOIN,26874,3010,16883,8734,609,-13873.0,2025-10-03
2025-09-30,MICRO BITCOIN,27577,8837,22449,3260,309,-13612.0,2025-10-03
2025-09-30,NANO BITCOIN PERP STYLE,58044,13571,18115,0,0,-4544.0,2025-10-03
2025-09-30,Nano Bitcoin,30673,8949,20822,0,0,-11873.0,2025-10-03
2025-10-07,BITCOIN,29001,3383,17430,9212,612,-14047.0,2025-10-10
2025-10-07,MICRO BITCOIN,34117,12298,24425,3639,292,-12127.0,2025-10-10
2025-10-07,NANO BITCOIN PERP STYLE,69407,26580,18390,0,0,8190.0,2025-10-10
2025-10-07,Nano Bitcoin,53491,14934,40632,0,0,-25698.0,2025-10-10
2025-10-14,BITCOIN,28503,4039,17470,8651,608,-13431.0,2025-10-17
2025-10-14,MICRO BITCOIN,34065,8659,28627,3527,253,-19968.0,2025-10-17
2025-10-14,NANO BITCOIN PERP STYLE,65879,2053,38604,0,0,-36551.0,2025-10-17
2025-10-14,Nano Bitcoin,53273,19750,39888,0,0,-20138.0,2025-10-17
2025-10-21,BITCOIN,28477,3138,17140,8475,633,-14002.0,2025-10-24
2025-10-21,MICRO BITCOIN,41237,8224,33869,2458,320,-25645.0,2025-10-24
2025-10-21,NANO BITCOIN PERP STYLE,66712,8669,20328,0,0,-11659.0,2025-10-24
2025-10-21,Nano Bitcoin,45912,15649,31618,0,0,-15969.0,2025-10-24
2025-10-28,BITCOIN,28717,2721,19944,8622,677,-17223.0,2025-10-31
2025-10-28,MICRO BITCOIN,44003,9590,34227,2312,330,-24637.0,2025-10-31
2025-10-28,NANO BITCOIN PERP STYLE,72796,10534,15860,0,0,-5326.0,2025-10-31
2025-10-28,Nano Bitcoin,48575,18418,30753,0,0,-12335.0,2025-10-31
2025-11-04,BITCOIN,27093,4270,19438,7682,714,-15168.0,2025-11-07
2025-11-04,MICRO BITCOIN,30224,9178,24408,2259,172,-15230.0,2025-11-07
2025-11-04,NANO BITCOIN PERP STYLE,83228,2098,21141,0,0,-19043.0,2025-11-07
2025-11-04,Nano Bitcoin,34491,12892,23427,0,0,-10535.0,2025-11-07
2025-11-10,BITCOIN,27544,3776,19586,8073,647,-15810.0,2025-11-13
2025-11-10,MICRO BITCOIN,33933,11688,27795,2369,152,-16107.0,2025-11-13
2025-11-10,NANO BITCOIN PERP STYLE,87789,18878,24924,0,0,-6046.0,2025-11-13
2025-11-10,Nano Bitcoin,46354,25800,31269,0,0,-5469.0,2025-11-13
2025-11-18,BITCOIN,27116,5570,19134,7123,875,-13564.0,2025-11-21
2025-11-18,MICRO BITCOIN,38554,15365,30896,2490,165,-15531.0,2025-11-21
2025-11-18,NANO BITCOIN PERP STYLE,108462,3013,63268,0,0,-60255.0,2025-11-21
2025-11-18,Nano Bitcoin,54923,28129,35203,0,0,-7074.0,2025-11-21
2025-11-25,BITCOIN,26260,4352,18116,7227,727,-13764.0,2025-11-28
2025-11-25,MICRO BITCOIN,49928,16787,36633,2495,489,-19846.0,2025-11-28
2025-11-25,NANO BITCOIN PERP STYLE,101538,4770,41142,0,0,-36372.0,2025-11-28
2025-11-25,Nano Bitcoin,94018,50611,78127,0,0,-27516.0,2025-11-28
2025-12-02,BITCOIN,24329,2674,16800,7590,704,-14126.0,2025-12-05
2025-12-02,MICRO BITCOIN,28351,10372,18508,1906,811,-8136.0,2025-12-05
2025-12-02,NANO BITCOIN PERP STYLE,115703,29257,39166,0,0,-9909.0,2025-12-05
2025-12-02,Nano Bitcoin,46123,18605,22860,0,0,-4255.0,2025-12-05
2025-12-09,BITCOIN,24793,2303,17173,8098,746,-14870.0,2025-12-12
2025-12-09,MICRO BITCOIN,31470,13532,20993,1987,1115,-7461.0,2025-12-12
2025-12-09,NANO BITCOIN PERP STYLE,145711,61171,70008,0,0,-8837.0,2025-12-12
2025-12-09,Nano Bitcoin,47098,22153,24185,0,0,-2032.0,2025-12-12
2025-12-16,BITCOIN,24502,3092,15635,7511,686,-12543.0,2025-12-19
2025-12-16,MICRO BITCOIN,33894,14268,21155,1948,1197,-6887.0,2025-12-19
2025-12-16,NANO BITCOIN PERP STYLE,127450,28395,51048,0,0,-22653.0,2025-12-19
2025-12-16,Nano Bitcoin,41060,14665,19107,0,0,-4442.0,2025-12-19
2025-12-23,BITCOIN,21988,2686,13937,6820,572,-11251.0,2025-12-26
2025-12-23,MICRO BITCOIN,30830,11455,19043,2033,1241,-7588.0,2025-12-26
2025-12-23,NANO BITCOIN PERP STYLE,113519,30806,26006,0,0,4800.0,2025-12-26
2025-12-23,Nano Bitcoin,48746,21208,28324,0,0,-7116.0,2025-12-26
2025-12-30,BITCOIN,20166,2115,13026,7075,478,-10911.0,2026-01-02
2025-12-30,MICRO BITCOIN,21246,3542,14172,2125,654,-10630.0,2026-01-02
2025-12-30,NANO BITCOIN PERP STYLE,122780,40114,37691,0,0,2423.0,2026-01-02
2025-12-30,Nano Bitcoin,32272,12897,25366,0,0,-12469.0,2026-01-02
2026-01-06,BITCOIN,22168,2554,14294,7677,752,-11740.0,2026-01-09
2026-01-06,MICRO BITCOIN,27086,8609,20211,2554,781,-11602.0,2026-01-09
2026-01-06,NANO BITCOIN PERP STYLE,118400,23564,33220,0,0,-9656.0,2026-01-09
2026-01-06,Nano Bitcoin,46608,25632,36881,0,0,-11249.0,2026-01-09
2026-01-13,BITCOIN,23843,2690,15408,8085,736,-12718.0,2026-01-16
2026-01-13,BITCOIN CASH PERP STYLE,3243,1808,2873,0,0,-1065.0,2026-01-16
2026-01-13,MICRO BITCOIN,30404,6946,22456,3148,838,-15510.0,2026-01-16
2026-01-13,NANO BITCOIN PERP STYLE,136449,51944,32922,0,0,19022.0,2026-01-16
2026-01-13,Nano Bitcoin,42093,22747,31039,0,0,-8292.0,2026-01-16
2026-01-20,BITCOIN,24541,4591,16149,7800,548,-11558.0,2026-01-23
2026-01-20,MICRO BITCOIN,32984,11652,25092,2927,758,-13440.0,2026-01-23
2026-01-20,NANO BITCOIN PERP STYLE,107218,10750,25443,0,0,-14693.0,2026-01-23
2026-01-20,Nano Bitcoin,40613,17245,31055,0,0,-13810.0,2026-01-23
2026-01-27,BITCOIN,24276,3003,15399,7769,491,-12396.0,2026-01-30
2026-01-27,MICRO BITCOIN,31964,9716,20958,2455,1011,-11242.0,2026-01-30
2026-01-27,NANO BITCOIN PERP STYLE,114023,31963,14743,0,0,17220.0,2026-01-30
2026-01-27,Nano Bitcoin,31870,8067,22874,0,0,-14807.0,2026-01-30
2026-02-03,BITCOIN,23044,4450,15875,7193,891,-11425.0,2026-02-06
2026-02-03,MICRO BITCOIN,26840,9264,19434,987,731,-10170.0,2026-02-06
2026-02-03,NANO BITCOIN PERP STYLE,118169,18697,36496,0,0,-17799.0,2026-02-06
2026-02-03,Nano Bitcoin,31869,13652,22270,0,0,-8618.0,2026-02-06
2026-02-10,BITCOIN,24157,4372,13871,7476,972,-9499.0,2026-02-13
2026-02-10,MICRO BITCOIN,33429,12033,23560,292,1112,-11527.0,2026-02-13
2026-02-10,NANO BITCOIN PERP STYLE,135866,29174,50034,0,0,-20860.0,2026-02-13
2026-02-10,Nano Bitcoin,44635,23100,21436,0,0,1664.0,2026-02-13
2026-02-17,BITCOIN,23335,3954,12830,6957,1019,-8876.0,2026-02-20
2026-02-17,MICRO BITCOIN,32024,10768,21939,280,1056,-11171.0,2026-02-20
2026-02-17,NANO BITCOIN PERP STYLE,127825,47279,11669,0,0,35610.0,2026-02-20
2026-02-17,Nano Bitcoin,33021,13410,9458,0,0,3952.0,2026-02-20
2026-02-24,BITCOIN,22919,4124,12360,6662,944,-8236.0,2026-02-27
2026-02-24,MICRO BITCOIN,38100,10652,26351,369,1215,-15699.0,2026-02-27
2026-02-24,NANO BITCOIN PERP STYLE,153752,54891,49347,0,0,5544.0,2026-02-27
2026-02-24,Nano Bitcoin,39954,9032,28731,0,0,-19699.0,2026-02-27
2026-03-03,BITCOIN,20302,3138,12333,7154,1129,-9195.0,2026-03-06
2026-03-03,MICRO BITCOIN,22486,3453,10567,300,1428,-7114.0,2026-03-06
2026-03-03,NANO BITCOIN PERP STYLE,193586,102504,67407,0,0,35097.0,2026-03-06
2026-03-03,Nano Bitcoin,34261,12246,7982,0,0,4264.0,2026-03-06
2026-03-10,BITCOIN,21047,3058,12737,6875,984,-9679.0,2026-03-13
2026-03-10,MICRO BITCOIN,25105,4445,10577,343,1342,-6132.0,2026-03-13
2026-03-10,NANO BITCOIN PERP STYLE,195182,106112,49665,0,0,56447.0,2026-03-13
2026-03-10,Nano Bitcoin,45701,23092,27946,0,0,-4854.0,2026-03-13
2026-03-17,BITCOIN,23807,2530,13390,6954,1068,-10860.0,2026-03-20
2026-03-17,MICRO BITCOIN,24583,3408,8132,340,1532,-4724.0,2026-03-20
2026-03-17,NANO BITCOIN PERP STYLE,219022,119114,80225,0,0,38889.0,2026-03-20
2026-03-17,Nano Bitcoin,63214,23902,43638,0,0,-19736.0,2026-03-20
2026-03-24,BITCOIN,23268,3814,12165,6219,1151,-8351.0,2026-03-27
2026-03-24,MICRO BITCOIN,24976,6594,9849,355,1362,-3255.0,2026-03-27
2026-03-24,NANO BITCOIN PERP STYLE,145702,23694,33959,0,0,-10265.0,2026-03-27
2026-03-24,Nano Bitcoin,50153,23250,22812,0,0,438.0,2026-03-27
2026-03-31,BITCOIN,20631,2991,11043,5965,1161,-8052.0,2026-04-03
2026-03-31,BITCOIN CASH PERP STYLE,2634,1621,2313,0,0,-692.0,2026-04-03
2026-03-31,MICRO BITCOIN,17446,4404,5057,201,1257,-653.0,2026-04-03
2026-03-31,NANO BITCOIN PERP STYLE,137686,19296,9107,0,0,10189.0,2026-04-03
2026-03-31,Nano Bitcoin,33239,13236,19341,0,0,-6105.0,2026-04-03
2026-04-07,BITCOIN,22308,3601,12028,6022,1449,-8427.0,2026-04-10
2026-04-07,MICRO BITCOIN,21846,8977,5374,520,1449,3603.0,2026-04-10
2026-04-07,NANO BITCOIN PERP STYLE,156821,58224,27292,0,0,30932.0,2026-04-10
2026-04-07,Nano Bitcoin,33095,13255,14796,0,0,-1541.0,2026-04-10
2026-04-14,BITCOIN,23761,3318,13557,6505,1244,-10239.0,2026-04-17
2026-04-14,MICRO BITCOIN,23473,8794,7534,524,1264,1260.0,2026-04-17
2026-04-14,NANO BITCOIN PERP STYLE,205954,120243,41455,0,0,78788.0,2026-04-17
2026-04-14,Nano Bitcoin,41171,21295,20560,0,0,735.0,2026-04-17
2026-04-21,BITCOIN,24994,2935,13657,6587,1229,-10722.0,2026-04-24
2026-04-21,MICRO BITCOIN,27114,9446,9649,529,1269,-203.0,2026-04-24
2026-04-21,NANO BITCOIN PERP STYLE,181286,76637,34472,0,0,42165.0,2026-04-24
2026-04-21,Nano Bitcoin,37794,15534,16796,0,0,-1262.0,2026-04-24
2026-04-28,BITCOIN,21692,3534,13894,6621,1196,-10360.0,2026-05-01
2026-04-28,MICRO BITCOIN,18731,4903,6944,407,973,-2041.0,2026-05-01
2026-04-28,NANO BITCOIN PERP STYLE,172598,54618,23082,0,0,31536.0,2026-05-01
2026-04-28,Nano Bitcoin,37190,11266,30540,0,0,-19274.0,2026-05-01
2026-05-05,BITCOIN,23402,4148,15886,7096,909,-11738.0,2026-05-08
2026-05-05,MICRO BITCOIN,27157,8780,7821,1034,723,959.0,2026-05-08
2026-05-05,NANO BITCOIN PERP STYLE,249307,152066,58331,0,0,93735.0,2026-05-08
2026-05-05,Nano Bitcoin,44079,20583,27178,0,0,-6595.0,2026-05-08
2026-05-12,BITCOIN,23535,4347,15417,7097,1297,-11070.0,2026-05-15
2026-05-12,MICRO BITCOIN,23443,8668,11982,1005,608,-3314.0,2026-05-15
2026-05-12,NANO BITCOIN PERP STYLE,193053,80276,25171,0,0,55105.0,2026-05-15
2026-05-12,Nano Bitcoin,41976,15431,30029,0,0,-14598.0,2026-05-15
2026-05-19,BITCOIN,23000,5253,14214,6227,1406,-8961.0,2026-05-22
2026-05-19,BITCOIN CASH PERP STYLE,1839,222,1667,0,0,-1445.0,2026-05-22
2026-05-19,MICRO BITCOIN,17896,4405,7090,318,664,-2685.0,2026-05-22
2026-05-19,NANO BITCOIN PERP STYLE,169919,58314,17655,0,0,40659.0,2026-05-22
2026-05-19,Nano Bitcoin,37399,12413,26660,0,0,-14247.0,2026-05-22
2026-05-26,BITCOIN,21625,4666,13300,5950,1598,-8634.0,2026-05-29
2026-05-26,BITCOIN CASH PERP STYLE,2015,166,1655,0,0,-1489.0,2026-05-29
2026-05-26,MICRO BITCOIN,22358,8529,12358,192,607,-3829.0,2026-05-29
2026-05-26,NANO BITCOIN PERP STYLE,175640,55794,32564,0,0,23230.0,2026-05-29
2026-05-26,Nano Bitcoin,41621,14661,30537,0,0,-15876.0,2026-05-29
2026-06-02,BITCOIN,19882,6269,12827,5256,2153,-6558.0,2026-06-05
2026-06-02,BITCOIN CASH PERP STYLE,1956,237,1294,0,0,-1057.0,2026-06-05
2026-06-02,MICRO BITCOIN,23134,7031,11509,386,523,-4478.0,2026-06-05
2026-06-02,NANO BITCOIN PERP STYLE,167638,21490,50273,0,0,-28783.0,2026-06-05
2026-06-02,Nano Bitcoin,74516,58488,63617,0,0,-5129.0,2026-06-05
2026-06-09,BITCOIN,19776,6153,12148,5330,2442,-5995.0,2026-06-12
2026-06-09,BITCOIN CASH PERP STYLE,2109,217,1657,0,0,-1440.0,2026-06-12
2026-06-09,MICRO BITCOIN,24335,6312,12876,503,1029,-6564.0,2026-06-12
2026-06-09,NANO BITCOIN PERP STYLE,170576,19879,59370,0,0,-39491.0,2026-06-12
2026-06-09,Nano Bitcoin,80650,62480,68566,0,0,-6086.0,2026-06-12
2026-06-16,BITCOIN,21125,6077,12684,5433,2926,-6607.0,2026-06-19
2026-06-16,BITCOIN CASH PERP STYLE,2056,339,1596,0,0,-1257.0,2026-06-19
2026-06-16,MICRO BITCOIN,26676,6655,16219,432,1225,-9564.0,2026-06-19
2026-06-16,NANO BITCOIN PERP STYLE,175051,24353,52956,0,0,-28603.0,2026-06-19
2026-06-16,Nano Bitcoin,72936,57322,56618,0,0,704.0,2026-06-19
2026-06-23,BITCOIN,20554,4925,11055,5202,2617,-6130.0,2026-06-26
2026-06-23,BITCOIN CASH PERP STYLE,1957,256,1479,0,0,-1223.0,2026-06-26
2026-06-23,MICRO BITCOIN,23572,6944,10950,375,1251,-4006.0,2026-06-26
2026-06-23,NANO BITCOIN PERP STYLE,207406,59848,93202,0,0,-33354.0,2026-06-26
2026-06-23,Nano Bitcoin,82265,61807,67372,0,0,-5565.0,2026-06-26
2026-06-30,BITCOIN,18336,5408,10721,4754,2754,-5313.0,2026-07-03
2026-06-30,BITCOIN CASH PERP STYLE,2178,226,1585,0,0,-1359.0,2026-07-03
2026-06-30,MICRO BITCOIN,27045,13888,14692,377,1208,-804.0,2026-07-03
2026-06-30,NANO BITCOIN PERP STYLE,185024,10699,55601,0,0,-44902.0,2026-07-03
2026-06-30,Nano Bitcoin,107620,96549,95455,0,0,1094.0,2026-07-03
2026-07-07,BITCOIN,18832,4406,11123,4790,2405,-6717.0,2026-07-10
2026-07-07,BITCOIN CASH PERP STYLE,1961,226,955,0,0,-729.0,2026-07-10
2026-07-07,MICRO BITCOIN,24658,12979,10385,379,1345,2594.0,2026-07-10
2026-07-07,NANO BITCOIN PERP STYLE,169368,19314,57187,0,0,-37873.0,2026-07-10
2026-07-07,Nano Bitcoin,118389,105389,107801,0,0,-2412.0,2026-07-10
2026-07-14,BITCOIN,19385,4015,11506,4779,1964,-7491.0,2026-07-17
2026-07-14,BITCOIN CASH PERP STYLE,1835,204,1023,0,0,-819.0,2026-07-17
2026-07-14,MICRO BITCOIN,28911,13797,8827,493,1197,4970.0,2026-07-17
2026-07-14,NANO BITCOIN PERP STYLE,178772,37996,57114,0,0,-19118.0,2026-07-17
2026-07-14,Nano Bitcoin,119639,104500,107764,0,0,-3264.0,2026-07-17
2026-07-21,BITCOIN,20527,4042,11991,4684,1957,-7949.0,2026-07-24
2026-07-21,BITCOIN CASH PERP STYLE,2260,577,1424,0,0,-847.0,2026-07-24
2026-07-21,MICRO BITCOIN,31118,15204,10542,354,1818,4662.0,2026-07-24
2026-07-21,NANO BITCOIN PERP STYLE,220738,75089,108978,0,0,-33889.0,2026-07-24
2026-07-21,Nano Bitcoin,135915,119526,120167,0,0,-641.0,2026-07-24
2026-07-28,BITCOIN,20019,3295,10168,4798,2499,-6873.0,2026-07-31
2026-07-28,BITCOIN CASH PERP STYLE,1994,503,1313,0,0,-810.0,2026-07-31
2026-07-28,MICRO BITCOIN,31572,16099,9572,294,2401,6527.0,2026-07-31
2026-07-28,NANO BITCOIN PERP STYLE,162619,14941,67904,0,0,-52963.0,2026-07-31
2026-07-28,Nano Bitcoin,142195,121869,129734,0,0,-7865.0,2026-07-31
2026-08-04,BITCOIN,20143,4243,11483,4764,2222,-7240.0,2026-08-07
2026-08-04,BITCOIN CASH PERP STYLE,1993,485,1360,0,0,-875.0,2026-08-07
2026-08-04,MICRO BITCOIN,21203,10683,6740,350,3845,3943.0,2026-08-07
2026-08-04,NANO BITCOIN PERP STYLE,178182,46399,37295,0,0,9104.0,2026-08-07
2026-08-04,Nano Bitcoin,115315,104511,96214,0,0,8297.0,2026-08-07
2026-08-11,BITCOIN,21185,4997,12049,4741,2507,-7052.0,2026-08-14
2026-08-11,BITCOIN CASH PERP STYLE,2818,1423,2181,0,0,-758.0,2026-08-14
2026-08-11,MICRO BITCOIN,28190,15660,16087,344,1725,-427.0,2026-08-14
2026-08-11,NANO BITCOIN PERP STYLE,159398,13887,36487,0,0,-22600.0,2026-08-14
2026-08-11,Nano Bitcoin,129124,115717,109426,0,0,6291.0,2026-08-14
2026-08-18,BITCOIN,21760,4488,11927,4531,1799,-7439.0,2026-08-21
2026-08-18,BITCOIN CASH PERP STYLE,2717,1315,2052,0,0,-737.0,2026-08-21
2026-08-18,MICRO BITCOIN,32133,15651,14553,346,3667,1098.0,2026-08-21
2026-08-18,NANO BITCOIN PERP STYLE,220248,85390,67531,0,0,17859.0,2026-08-21
2026-08-18,Nano Bitcoin,129837,117213,108195,0,0,9018.0,2026-08-21
2026-08-25,BITCOIN,22216,3181,11270,4732,1787,-8089.0,2026-08-28
2026-08-25,BITCOIN CASH PERP STYLE,1687,570,1038,0,0,-468.0,2026-08-28
2026-08-25,MICRO BITCOIN,37171,15753,22467,836,331,-6714.0,2026-08-28
2026-08-25,NANO BITCOIN PERP STYLE,232258,119541,104379,0,0,15162.0,2026-08-28
2026-08-25,Nano Bitcoin,105264,89857,84617,0,0,5240.0,2026-08-28
2026-09-01,BITCOIN,19697,4530,12150,4837,1139,-7620.0,2026-09-04
2026-09-01,MICRO BITCOIN,31488,17291,20616,1235,126,-3325.0,2026-09-04
2026-09-01,NANO BITCOIN PERP STYLE,173212,60559,44553,0,0,16006.0,2026-09-04
2026-09-01,Nano Bitcoin,171597,155544,149108,0,0,6436.0,2026-09-04
2026-09-08,BITCOIN,21083,5146,13038,4950,1207,-7892.0,2026-09-11
2026-09-08,BITCOIN CASH PERP STYLE,1883,463,1299,0,0,-836.0,2026-09-11
2026-09-08,MICRO BITCOIN,35179,19259,24665,1546,39,-5406.0,2026-09-11
2026-09-08,NANO BITCOIN PERP STYLE,181021,63650,55894,0,0,7756.0,2026-09-11
2026-09-08,Nano Bitcoin,170604,154460,149854,0,0,4606.0,2026-09-11
