# RESEARCH-ONLY price cache — CoinGecko/FMP/stooq dailies are RESEARCH-ONLY prices, not the sealed price source.
coin,date,price_usd
ADA,2026-07-17,0.1607095307055631
ADA,2026-07-18,0.16674088360685174
ADA,2026-07-19,0.1666338307486647
ADA,2026-07-20,0.1660457103945205
ADA,2026-07-21,0.16958177336436725
ADA,2026-07-22,0.17354322555782004
ADA,2026-07-23,0.1743814837148952
ADA,2026-07-24,0.16841717941979198
ADA,2026-07-25,0.16381918738316842
ADA,2026-07-26,0.1647003197135557
ADA,2026-07-27,0.16586945069709486
ADA,2026-07-28,0.15544156720749003
ADA,2026-07-29,0.16179908206699237
ADA,2026-07-30,0.16199689974014272
ADA,2026-07-31,0.16966733058539551
ADA,2026-08-01,0.16804792446428854
ADA,2026-08-02,0.17429825682930677
ADA,2026-08-03,0.18937028461004396
ADA,2026-08-04,0.19353789640592123
ADA,2026-08-05,0.19284826771433167
ADA,2026-08-06,0.19112962098383537
ADA,2026-08-07,0.20101639901323548
ADA,2026-08-08,0.2008036246515767
ADA,2026-08-09,0.19935822217128538
ADA,2026-08-10,0.19443176854790098
ADA,2026-08-11,0.19069831573457763
ADA,2026-08-12,0.18694299914012918
ADA,2026-08-13,0.1824396672420199
ADA,2026-08-14,0.18224977784910346
ADA,2026-08-15,0.17998570809268677
ADA,2026-08-16,0.1762674264601313
ADA,2026-08-17,0.17481176774879353
ADA,2026-08-18,0.1741249817054162
ADA,2026-08-19,0.1744023593314451
ADA,2026-08-20,0.18702164440997238
ADA,2026-08-21,0.1989699466755082
ADA,2026-08-22,0.2291047455940254
ADA,2026-08-23,0.22608419659223078
ADA,2026-08-24,0.22682629178533498
ADA,2026-08-25,0.22142878711039282
ADA,2026-08-26,0.20908509616060678
ADA,2026-08-27,0.21237628643484097
ADA,2026-08-28,0.21379576468901376
ADA,2026-08-29,0.20309694918024185
ADA,2026-08-30,0.201848389377435
ADA,2026-08-31,0.19267185961239683
ADA,2026-09-01,0.19776462075916668
ADA,2026-09-02,0.1965993377944218
ADA,2026-09-03,0.20099065670859845
ADA,2026-09-04,0.22115511187960019
ADA,2026-09-05,0.2112164477124468
ADA,2026-09-06,0.2182747960633686
ADA,2026-09-07,0.22332470639643617
ADA,2026-09-08,0.220404566425868
ADA,2026-09-09,0.21941171791567463
ADA,2026-09-10,0.21189838633875757
ADA,2026-09-11,0.20459484058526867
ADA,2026-09-12,0.20624188311776986
ADA,2026-09-13,0.20733433395890186
ADA,2026-09-14,0.210938652119996
AVAX,2026-07-17,6.508104279616282
AVAX,2026-07-18,6.583524394432181
AVAX,2026-07-19,6.567658107086493
AVAX,2026-07-20,6.459114047764834
AVAX,2026-07-21,6.572773903993817
AVAX,2026-07-22,6.564159720492652
AVAX,2026-07-23,6.620291321188178
AVAX,2026-07-24,6.262487236515561
AVAX,2026-07-25,6.299250087586633
AVAX,2026-07-26,6.7720596437513105
AVAX,2026-07-27,6.735624859425923
AVAX,2026-07-28,6.4015598103793545
AVAX,2026-07-29,6.568806297647335
AVAX,2026-07-30,6.422410079438582
AVAX,2026-07-31,6.430983047810448
AVAX,2026-08-01,6.3783894194487605
AVAX,2026-08-02,6.186861556497119
AVAX,2026-08-03,6.544190369119499
AVAX,2026-08-04,6.566187747569714
AVAX,2026-08-05,6.676991208613316
AVAX,2026-08-06,6.655790764128219
AVAX,2026-08-07,6.43298799134348
AVAX,2026-08-08,6.430125744355595
AVAX,2026-08-09,6.476376888822229
AVAX,2026-08-10,6.418172710555761
AVAX,2026-08-11,6.431043391178593
AVAX,2026-08-12,6.3154643506229355
AVAX,2026-08-13,6.313391080113916
AVAX,2026-08-14,6.449251846450131
AVAX,2026-08-15,6.4720147840853155
AVAX,2026-08-16,6.32440625071797
AVAX,2026-08-17,6.323978670940332
AVAX,2026-08-18,6.3447934981512155
AVAX,2026-08-19,6.3285463532665585
AVAX,2026-08-20,6.774492921991783
AVAX,2026-08-21,7.29067653650431
AVAX,2026-08-22,7.836507914480645
AVAX,2026-08-23,7.493330820923078
AVAX,2026-08-24,7.606611092652933
AVAX,2026-08-25,7.541445503601845
AVAX,2026-08-26,7.325904702797946
AVAX,2026-08-27,7.44032536914454
AVAX,2026-08-28,7.528985122036468
AVAX,2026-08-29,7.306445627990587
AVAX,2026-08-30,7.331229082662345
AVAX,2026-08-31,7.110247807837202
AVAX,2026-09-01,7.228102615370432
AVAX,2026-09-02,7.2163657050821834
AVAX,2026-09-03,7.189285084891333
AVAX,2026-09-04,7.518011737174653
AVAX,2026-09-05,7.385540136414686
AVAX,2026-09-06,7.591598287876626
AVAX,2026-09-07,7.9019838410484935
AVAX,2026-09-08,8.074275746115342
AVAX,2026-09-09,8.008609352586902
AVAX,2026-09-10,7.7960849230633045
AVAX,2026-09-11,7.424925698916045
AVAX,2026-09-12,7.4595901367185835
AVAX,2026-09-13,7.399125933471284
AVAX,2026-09-14,7.585035532468297
BCH,2026-07-17,221.78254200616047
BCH,2026-07-18,219.78783596856704
BCH,2026-07-19,220.07829081716076
BCH,2026-07-20,215.10311008791382
BCH,2026-07-21,219.8239553775225
BCH,2026-07-22,223.75094705074855
BCH,2026-07-23,219.92450756942446
BCH,2026-07-24,211.83529079121874
BCH,2026-07-25,210.7166795551781
BCH,2026-07-26,209.66361130528298
BCH,2026-07-27,216.86517671730408
BCH,2026-07-28,211.65825465319938
BCH,2026-07-29,214.1226308532982
BCH,2026-07-30,211.17139041647937
BCH,2026-07-31,216.78732611373883
BCH,2026-08-01,209.80226882713478
BCH,2026-08-02,207.92968210645654
BCH,2026-08-03,212.49063822724227
BCH,2026-08-04,213.0800227595802
BCH,2026-08-05,213.21076923623204
BCH,2026-08-06,214.45326259892664
BCH,2026-08-07,212.57560847169864
BCH,2026-08-08,214.65390527760366
BCH,2026-08-09,216.01286743614384
BCH,2026-08-10,214.54856967845492
BCH,2026-08-11,213.09850634097285
BCH,2026-08-12,213.6587085023303
BCH,2026-08-13,212.48251844841428
BCH,2026-08-14,206.46828442056514
BCH,2026-08-15,204.65393896423868
BCH,2026-08-16,203.51962888515328
BCH,2026-08-17,203.80653089439465
BCH,2026-08-18,205.17890086869483
BCH,2026-08-19,203.50169440615565
BCH,2026-08-20,213.27695312682718
BCH,2026-08-21,222.9847237776278
BCH,2026-08-22,288.10955405353275
BCH,2026-08-23,276.73449779692936
BCH,2026-08-24,274.11235829399726
BCH,2026-08-25,270.80672671495677
BCH,2026-08-26,265.88450702464564
BCH,2026-08-27,268.76010994374315
BCH,2026-08-28,269.6187933508846
BCH,2026-08-29,247.98095732141994
BCH,2026-08-30,247.20221798148572
BCH,2026-08-31,243.38441240213731
BCH,2026-09-01,247.01261196758546
BCH,2026-09-02,245.96389939920226
BCH,2026-09-03,244.52331162419534
BCH,2026-09-04,256.59785410195576
BCH,2026-09-05,248.1215442881509
BCH,2026-09-06,256.28649043800124
BCH,2026-09-07,260.7348265101648
BCH,2026-09-08,258.8765455692126
BCH,2026-09-09,258.320235151555
BCH,2026-09-10,251.87162103149257
BCH,2026-09-11,223.8354835659367
BCH,2026-09-12,228.11966120190613
BCH,2026-09-13,226.36229048185268
BCH,2026-09-14,225.464068603996
BNB,2026-07-17,572.113964769213
BNB,2026-07-18,567.758313883116
BNB,2026-07-19,570.3033872677163
BNB,2026-07-20,570.5283706446356
BNB,2026-07-21,570.62038864161
BNB,2026-07-22,573.5798653458507
BNB,2026-07-23,570.7268313014563
BNB,2026-07-24,566.979485179163
BNB,2026-07-25,564.4208974926823
BNB,2026-07-26,568.4904389403061
BNB,2026-07-27,574.7685101524539
BNB,2026-07-28,565.7349404125574
BNB,2026-07-29,570.7450174787834
BNB,2026-07-30,571.3881477127459
BNB,2026-07-31,591.696782304102
BNB,2026-08-01,586.460926871725
BNB,2026-08-02,574.7197907128979
BNB,2026-08-03,587.8165386223066
BNB,2026-08-04,588.7857285137491
BNB,2026-08-05,592.7340551303326
BNB,2026-08-06,593.3339657484953
BNB,2026-08-07,591.7111094655114
BNB,2026-08-08,592.184743678635
BNB,2026-08-09,600.3274383374521
BNB,2026-08-10,601.8372782085524
BNB,2026-08-11,598.6196895758089
BNB,2026-08-12,616.2792086001098
BNB,2026-08-13,609.7518356234225
BNB,2026-08-14,610.1020086104093
BNB,2026-08-15,607.3786579534091
BNB,2026-08-16,607.2084998624916
BNB,2026-08-17,602.4629221231862
BNB,2026-08-18,605.2680900981287
BNB,2026-08-19,603.5021332341098
BNB,2026-08-20,627.053410537708
BNB,2026-08-21,654.5882397830208
BNB,2026-08-22,686.7913034093192
BNB,2026-08-23,695.3707581774437
BNB,2026-08-24,702.2079977923269
BNB,2026-08-25,704.0935851533615
BNB,2026-08-26,694.1699264358065
BNB,2026-08-27,707.47963722231
BNB,2026-08-28,712.0503878732537
BNB,2026-08-29,691.3170654968901
BNB,2026-08-30,692.5269789000138
BNB,2026-08-31,684.4778619473124
BNB,2026-09-01,691.1406186921491
BNB,2026-09-02,682.6728558958649
BNB,2026-09-03,688.2301302750734
BNB,2026-09-04,725.0807755091299
BNB,2026-09-05,721.4302698070193
BNB,2026-09-06,766.4092879330625
BNB,2026-09-07,752.7225340647433
BNB,2026-09-08,739.6790807862191
BNB,2026-09-09,752.1250045522248
BNB,2026-09-10,722.659278470706
BNB,2026-09-11,708.4278492036368
BNB,2026-09-12,726.5133783587984
BNB,2026-09-13,727.3861457483952
BNB,2026-09-14,724.3096448981069
BTC,2026-07-17,63792.28742743447
BTC,2026-07-18,63904.954014943025
BTC,2026-07-19,64795.70382303786
BTC,2026-07-20,64670.40117470696
BTC,2026-07-21,65184.92144270268
BTC,2026-07-22,66520.98164575922
BTC,2026-07-23,66077.05646514206
BTC,2026-07-24,65052.47667067735
BTC,2026-07-25,64092.64739795451
BTC,2026-07-26,64318.24520120312
BTC,2026-07-27,65343.824510845894
BTC,2026-07-28,63701.35288114535
BTC,2026-07-29,63881.94327943538
BTC,2026-07-30,63916.59794922001
BTC,2026-07-31,64743.33714554026
BTC,2026-08-01,62820.08613814001
BTC,2026-08-02,62772.57726413174
BTC,2026-08-03,63504.41559755184
BTC,2026-08-04,63465.19968911304
BTC,2026-08-05,64062.173729779366
BTC,2026-08-06,64608.705388357404
BTC,2026-08-07,64262.74830979173
BTC,2026-08-08,64879.7560855934
BTC,2026-08-09,64917.23929330571
BTC,2026-08-10,64856.097825382276
BTC,2026-08-11,63915.71213556821
BTC,2026-08-12,63537.55988964766
BTC,2026-08-13,63408.625697113624
BTC,2026-08-14,63429.17906286841
BTC,2026-08-15,62984.28959582886
BTC,2026-08-16,63031.04825975698
BTC,2026-08-17,62843.70368466329
BTC,2026-08-18,64491.345282946255
BTC,2026-08-19,64686.25782561655
BTC,2026-08-20,69291.0104297816
BTC,2026-08-21,73020.94563440893
BTC,2026-08-22,78317.77716345884
BTC,2026-08-23,77081.02299000922
BTC,2026-08-24,77712.3200924702
BTC,2026-08-25,78973.88693602335
BTC,2026-08-26,78511.2331116067
BTC,2026-08-27,79018.03405750773
BTC,2026-08-28,80268.37474707834
BTC,2026-08-29,77820.76428719184
BTC,2026-08-30,78225.13950818499
BTC,2026-08-31,77658.23133225394
BTC,2026-09-01,78552.77932895812
BTC,2026-09-02,77416.44110979848
BTC,2026-09-03,77297.13347191992
BTC,2026-09-04,81264.70153038795
BTC,2026-09-05,79671.25767420157
BTC,2026-09-06,79821.69873179746
BTC,2026-09-07,80329.3478460037
BTC,2026-09-08,79093.4641898418
BTC,2026-09-09,78450.75303870205
BTC,2026-09-10,78283.06047169256
BTC,2026-09-11,76554.98664973286
BTC,2026-09-12,77203.53444805603
BTC,2026-09-13,77261.62722069985
BTC,2026-09-14,78801.1345398801
DOGE,2026-07-17,0.07234412521791075
DOGE,2026-07-18,0.07252401895653499
DOGE,2026-07-19,0.07249010990297494
DOGE,2026-07-20,0.0723594411027145
DOGE,2026-07-21,0.07210677455081545
DOGE,2026-07-22,0.0733086983531013
DOGE,2026-07-23,0.07295928454916549
DOGE,2026-07-24,0.06916782838228785
DOGE,2026-07-25,0.06951337265461949
DOGE,2026-07-26,0.07168430264037445
DOGE,2026-07-27,0.07331531396455922
DOGE,2026-07-28,0.07032309215808963
DOGE,2026-07-29,0.0708317479970683
DOGE,2026-07-30,0.07007364490120126
DOGE,2026-07-31,0.07056192147492509
DOGE,2026-08-01,0.06953265012939037
DOGE,2026-08-02,0.06908986410078095
DOGE,2026-08-03,0.07072675577814826
DOGE,2026-08-04,0.07015519492997856
DOGE,2026-08-05,0.07002346382588914
DOGE,2026-08-06,0.06998849010723722
DOGE,2026-08-07,0.06901954790818378
DOGE,2026-08-08,0.06960376238165819
DOGE,2026-08-09,0.07037971703152887
DOGE,2026-08-10,0.06932686760776675
DOGE,2026-08-11,0.06964403794487867
DOGE,2026-08-12,0.07183680865046471
DOGE,2026-08-13,0.06961882758088063
DOGE,2026-08-14,0.07011387889659047
DOGE,2026-08-15,0.07000287107653141
DOGE,2026-08-16,0.06955804052737494
DOGE,2026-08-17,0.06952870548515376
DOGE,2026-08-18,0.0703517272797121
DOGE,2026-08-19,0.07021051231066483
DOGE,2026-08-20,0.07499787463343413
DOGE,2026-08-21,0.08045371837123262
DOGE,2026-08-22,0.09152072353673844
DOGE,2026-08-23,0.09195483433967817
DOGE,2026-08-24,0.09337940032634065
DOGE,2026-08-25,0.09005276729230774
DOGE,2026-08-26,0.08567200547879818
DOGE,2026-08-27,0.08768022019127615
DOGE,2026-08-28,0.08914357048638905
DOGE,2026-08-29,0.08522451370429333
DOGE,2026-08-30,0.08527944562451086
DOGE,2026-08-31,0.0820544387837955
DOGE,2026-09-01,0.0828167928086005
DOGE,2026-09-02,0.08164256961884185
DOGE,2026-09-03,0.08171038457755984
DOGE,2026-09-04,0.08781223959546798
DOGE,2026-09-05,0.0847903881947543
DOGE,2026-09-06,0.08969060918380505
DOGE,2026-09-07,0.09085579473273796
DOGE,2026-09-08,0.09048297033663322
DOGE,2026-09-09,0.0900438187758932
DOGE,2026-09-10,0.08615898234149003
DOGE,2026-09-11,0.08287790542243915
DOGE,2026-09-12,0.08428306577024669
DOGE,2026-09-13,0.08481002055747426
DOGE,2026-09-14,0.08462483493086119
DOT,2026-07-17,0.8579545935500389
DOT,2026-07-18,0.8489509941326506
DOT,2026-07-19,0.8378454325054489
DOT,2026-07-20,0.8187113845232996
DOT,2026-07-21,0.8257848761553838
DOT,2026-07-22,0.846357247459139
DOT,2026-07-23,0.834874255581689
DOT,2026-07-24,0.814794419638655
DOT,2026-07-25,0.8080674914419935
DOT,2026-07-26,0.8137191155396358
DOT,2026-07-27,0.8270692168677695
DOT,2026-07-28,0.7581329374793163
DOT,2026-07-29,0.7608308810464616
DOT,2026-07-30,0.7629270173254528
DOT,2026-07-31,0.7679599971348646
DOT,2026-08-01,0.7582435081413741
DOT,2026-08-02,0.7806614811598963
DOT,2026-08-03,0.7978828885413435
DOT,2026-08-04,0.8237834243588974
DOT,2026-08-05,0.856633385186603
DOT,2026-08-06,0.841995438578789
DOT,2026-08-07,0.8205985612553154
DOT,2026-08-08,0.8179331026884398
DOT,2026-08-09,0.8145915241301374
DOT,2026-08-10,0.798662985102808
DOT,2026-08-11,0.8048909019010408
DOT,2026-08-12,0.7896204352150403
DOT,2026-08-13,0.7733977417398339
DOT,2026-08-14,0.7720451437219517
DOT,2026-08-15,0.7642977195088125
DOT,2026-08-16,0.7607028411450777
DOT,2026-08-17,0.7581579109273091
DOT,2026-08-18,0.7612191016250667
DOT,2026-08-19,0.7510040523927409
DOT,2026-08-20,0.7888223252407818
DOT,2026-08-21,0.8482341429942463
DOT,2026-08-22,0.9394118398868826
DOT,2026-08-23,0.9203743305889122
DOT,2026-08-24,0.928071391974611
DOT,2026-08-25,0.8992703387352181
DOT,2026-08-26,0.8514735038785033
DOT,2026-08-27,0.875737078686963
DOT,2026-08-28,0.8816038369554218
DOT,2026-08-29,0.8486932705112726
DOT,2026-08-30,0.8454716996364715
DOT,2026-08-31,0.8194698348247896
DOT,2026-09-01,0.839708073786757
DOT,2026-09-02,0.8716644433458661
DOT,2026-09-03,0.8671502850133361
DOT,2026-09-04,0.8884313807320097
DOT,2026-09-05,0.89972554469329
DOT,2026-09-06,0.9153334527770048
DOT,2026-09-07,0.9791951924771212
DOT,2026-09-08,1.0619412356645181
DOT,2026-09-09,1.2475304252917225
DOT,2026-09-10,1.1223693443563063
DOT,2026-09-11,1.0959952874874024
DOT,2026-09-12,1.0404344053730286
DOT,2026-09-13,1.0185189947162405
DOT,2026-09-14,1.008655701226329
ETH,2026-07-17,1863.0065007127855
ETH,2026-07-18,1840.7681193183653
ETH,2026-07-19,1862.32234801627
ETH,2026-07-20,1870.8170349782704
ETH,2026-07-21,1901.7735152870935
ETH,2026-07-22,1928.6558956703082
ETH,2026-07-23,1933.4132583162384
ETH,2026-07-24,1877.460607698635
ETH,2026-07-25,1860.4425012275274
ETH,2026-07-26,1874.4572768280736
ETH,2026-07-27,1952.9020070235085
ETH,2026-07-28,1890.4523208978708
ETH,2026-07-29,1920.4888660862466
ETH,2026-07-30,1908.7417326276595
ETH,2026-07-31,1917.5713635462077
ETH,2026-08-01,1860.5923268286904
ETH,2026-08-02,1843.443563411847
ETH,2026-08-03,1882.9305589557664
ETH,2026-08-04,1858.5376969949996
ETH,2026-08-05,1868.621381582403
ETH,2026-08-06,1907.4360439632449
ETH,2026-08-07,1902.1622720657638
ETH,2026-08-08,1912.9851571036106
ETH,2026-08-09,1915.447810935271
ETH,2026-08-10,1908.940734099038
ETH,2026-08-11,1871.3976551883159
ETH,2026-08-12,1880.4862005694617
ETH,2026-08-13,1877.743530062547
ETH,2026-08-14,1884.3941576877892
ETH,2026-08-15,1880.3285280890423
ETH,2026-08-16,1880.9591561894488
ETH,2026-08-17,1874.401898191962
ETH,2026-08-18,1912.2734691708965
ETH,2026-08-19,1916.3998901478055
ETH,2026-08-20,2251.7346140069594
ETH,2026-08-21,2326.5282334236576
ETH,2026-08-22,2514.967577695514
ETH,2026-08-23,2423.4127407436827
ETH,2026-08-24,2462.403924751607
ETH,2026-08-25,2481.879430655568
ETH,2026-08-26,2442.0111121033965
ETH,2026-08-27,2506.3431057180687
ETH,2026-08-28,2511.461241063819
ETH,2026-08-29,2442.407614756763
ETH,2026-08-30,2457.089335222437
ETH,2026-08-31,2416.2418165172735
ETH,2026-09-01,2466.565659094493
ETH,2026-09-02,2417.6758884733536
ETH,2026-09-03,2390.783044679688
ETH,2026-09-04,2507.6482840896088
ETH,2026-09-05,2456.085066364875
ETH,2026-09-06,2480.0031686031184
ETH,2026-09-07,2514.0092688310365
ETH,2026-09-08,2489.3967543757462
ETH,2026-09-09,2485.0697039871584
ETH,2026-09-10,2467.529167979314
ETH,2026-09-11,2437.514812545618
ETH,2026-09-12,2514.846819245876
ETH,2026-09-13,2525.267261590238
ETH,2026-09-14,2525.951673656323
LINK,2026-07-17,8.334568734180476
LINK,2026-07-18,8.250502225683649
LINK,2026-07-19,8.344843047570384
LINK,2026-07-20,8.378905469087426
LINK,2026-07-21,8.5813178471838
LINK,2026-07-22,8.650284794419546
LINK,2026-07-23,8.625619417665229
LINK,2026-07-24,8.465340798973486
LINK,2026-07-25,8.334763458130993
LINK,2026-07-26,8.378350563606428
LINK,2026-07-27,8.816973553839162
LINK,2026-07-28,8.372250656520407
LINK,2026-07-29,8.440619659190784
LINK,2026-07-30,8.324433011710834
LINK,2026-07-31,8.448103949823558
LINK,2026-08-01,8.163687259142616
LINK,2026-08-02,8.061001591420974
LINK,2026-08-03,8.374211961339652
LINK,2026-08-04,8.179499617997278
LINK,2026-08-05,8.14340732535387
LINK,2026-08-06,8.153587762455743
LINK,2026-08-07,8.184246030930785
LINK,2026-08-08,8.18149643835447
LINK,2026-08-09,8.300855396756871
LINK,2026-08-10,8.18136301108558
LINK,2026-08-11,8.290285880741026
LINK,2026-08-12,8.770230908898725
LINK,2026-08-13,8.663602355113161
LINK,2026-08-14,8.879252170934992
LINK,2026-08-15,8.964644606125617
LINK,2026-08-16,9.461856212482699
LINK,2026-08-17,9.38323578770609
LINK,2026-08-18,9.535397063971663
LINK,2026-08-19,9.529138725304293
LINK,2026-08-20,10.547425632883014
LINK,2026-08-21,10.688653798526964
LINK,2026-08-22,11.992351770358374
LINK,2026-08-23,11.6487287426664
LINK,2026-08-24,11.539971413729232
LINK,2026-08-25,11.622243243631315
LINK,2026-08-26,11.289692886366849
LINK,2026-08-27,11.620156171374404
LINK,2026-08-28,11.922977316780116
LINK,2026-08-29,11.431709761370778
LINK,2026-08-30,11.455810210166169
LINK,2026-08-31,11.141848097151453
LINK,2026-09-01,11.31926701206514
LINK,2026-09-02,11.229814037883376
LINK,2026-09-03,11.109744202352955
LINK,2026-09-04,11.832704231146355
LINK,2026-09-05,11.631341842390773
LINK,2026-09-06,12.047500928730749
LINK,2026-09-07,13.237155745219605
LINK,2026-09-08,12.742965020959987
LINK,2026-09-09,12.510020760613248
LINK,2026-09-10,11.80498523618216
LINK,2026-09-11,11.466747314481822
LINK,2026-09-12,11.546360706163469
LINK,2026-09-13,11.502007742833564
LINK,2026-09-14,11.585635887983337
LTC,2026-07-17,44.91106220471686
LTC,2026-07-18,45.13543138101556
LTC,2026-07-19,46.98304320859264
LTC,2026-07-20,47.035026360855895
LTC,2026-07-21,47.30176770207581
LTC,2026-07-22,46.82353477239541
LTC,2026-07-23,47.10678484616303
LTC,2026-07-24,46.92863736643428
LTC,2026-07-25,46.32329146594182
LTC,2026-07-26,46.50367729087013
LTC,2026-07-27,47.796451358473306
LTC,2026-07-28,46.00742794116941
LTC,2026-07-29,46.16767761206305
LTC,2026-07-30,45.40058934880616
LTC,2026-07-31,45.53985599598579
LTC,2026-08-01,44.25759891113634
LTC,2026-08-02,44.19505674520219
LTC,2026-08-03,44.64425066778274
LTC,2026-08-04,44.247588982552635
LTC,2026-08-05,44.812660906810564
LTC,2026-08-06,45.286068789607086
LTC,2026-08-07,45.403914948092236
LTC,2026-08-08,45.51532278045249
LTC,2026-08-09,45.97973969332817
LTC,2026-08-10,45.41150057936053
LTC,2026-08-11,45.09498040267955
LTC,2026-08-12,45.45592261718864
LTC,2026-08-13,44.846713230091645
LTC,2026-08-14,44.78305804207899
LTC,2026-08-15,43.806923130603906
LTC,2026-08-16,44.06842690614625
LTC,2026-08-17,44.10365333727941
LTC,2026-08-18,44.52839833730492
LTC,2026-08-19,44.34767980799559
LTC,2026-08-20,46.76069840950213
LTC,2026-08-21,47.80158133097468
LTC,2026-08-22,53.12964707139583
LTC,2026-08-23,52.4803403945817
LTC,2026-08-24,52.303800152014205
LTC,2026-08-25,51.64145592639332
LTC,2026-08-26,49.929059383530074
LTC,2026-08-27,50.50348285814233
LTC,2026-08-28,49.923503836310026
LTC,2026-08-29,49.31264092011042
LTC,2026-08-30,49.008418352184435
LTC,2026-08-31,47.88468407932796
LTC,2026-09-01,48.52601430846274
LTC,2026-09-02,49.539966843004926
LTC,2026-09-03,49.658758294159206
LTC,2026-09-04,51.47841744219547
LTC,2026-09-05,50.75737057648126
LTC,2026-09-06,54.68767041943571
LTC,2026-09-07,54.95056554836963
LTC,2026-09-08,55.20228907963863
LTC,2026-09-09,54.29394224661684
LTC,2026-09-10,53.18605113306241
LTC,2026-09-11,52.10780988571986
LTC,2026-09-12,53.27593823801227
LTC,2026-09-13,53.65584712276986
LTC,2026-09-14,54.05908318561635
SOL,2026-07-17,75.26924720120745
SOL,2026-07-18,75.00200273777084
SOL,2026-07-19,75.48105541148355
SOL,2026-07-20,76.311803624947
SOL,2026-07-21,77.74886056354681
SOL,2026-07-22,78.08824475788602
SOL,2026-07-23,77.93926390412061
SOL,2026-07-24,75.85134810030104
SOL,2026-07-25,73.90776692044658
SOL,2026-07-26,74.47711500496659
SOL,2026-07-27,76.69020217092319
SOL,2026-07-28,74.14305915534644
SOL,2026-07-29,73.77225682424617
SOL,2026-07-30,73.61124492942123
SOL,2026-07-31,74.46304923578987
SOL,2026-08-01,72.79498313468054
SOL,2026-08-02,71.89412540165443
SOL,2026-08-03,73.5466467652331
SOL,2026-08-04,73.48861779525183
SOL,2026-08-05,73.7132413282771
SOL,2026-08-06,73.98563070196333
SOL,2026-08-07,72.63053979307217
SOL,2026-08-08,73.61748637019244
SOL,2026-08-09,75.95980019087798
SOL,2026-08-10,76.2136945390063
SOL,2026-08-11,75.92477495236717
SOL,2026-08-12,76.21620473970299
SOL,2026-08-13,75.5587764536576
SOL,2026-08-14,76.20210719138348
SOL,2026-08-15,75.3354966028721
SOL,2026-08-16,75.27983398665542
SOL,2026-08-17,74.5477464048606
SOL,2026-08-18,75.9729945474511
SOL,2026-08-19,77.00190398395006
SOL,2026-08-20,85.33310287519124
SOL,2026-08-21,87.6519814449933
SOL,2026-08-22,93.69380351149786
SOL,2026-08-23,93.88470787526389
SOL,2026-08-24,95.4075653871385
SOL,2026-08-25,98.86721922605619
SOL,2026-08-26,96.57633057135781
SOL,2026-08-27,102.04890414405412
SOL,2026-08-28,109.17730597799657
SOL,2026-08-29,104.11408013203007
SOL,2026-08-30,105.5938871300456
SOL,2026-08-31,101.68286901296827
SOL,2026-09-01,103.01068194219994
SOL,2026-09-02,99.96528544069069
SOL,2026-09-03,100.39064957766638
SOL,2026-09-04,103.96051784332946
SOL,2026-09-05,101.92907583272797
SOL,2026-09-06,103.16637621681609
SOL,2026-09-07,106.49007263898544
SOL,2026-09-08,103.77243552193976
SOL,2026-09-09,103.36010446946287
SOL,2026-09-10,101.56828258356754
SOL,2026-09-11,98.63125822911633
SOL,2026-09-12,102.39440297526501
SOL,2026-09-13,101.75239313261922
SOL,2026-09-14,102.88357780412271
XRP,2026-07-17,1.0863798740753594
XRP,2026-07-18,1.0885135568085882
XRP,2026-07-19,1.0922463620697758
XRP,2026-07-20,1.0968034898967796
XRP,2026-07-21,1.1112396193859457
XRP,2026-07-22,1.1424327821391576
XRP,2026-07-23,1.141418837576549
XRP,2026-07-24,1.107222681879862
XRP,2026-07-25,1.0912834733115033
XRP,2026-07-26,1.0973556934181352
XRP,2026-07-27,1.1119804109391629
XRP,2026-07-28,1.0651155264803904
XRP,2026-07-29,1.0680196954265415
XRP,2026-07-30,1.0726215890261952
XRP,2026-07-31,1.0821017378210545
XRP,2026-08-01,1.060602597938289
XRP,2026-08-02,1.059904049057053
XRP,2026-08-03,1.0855820463617203
XRP,2026-08-04,1.0746193498375005
XRP,2026-08-05,1.0729984465262679
XRP,2026-08-06,1.0612634403442796
XRP,2026-08-07,1.0338663628577867
XRP,2026-08-08,1.0205863784917084
XRP,2026-08-09,1.0389339261257766
XRP,2026-08-10,1.0290585227104907
XRP,2026-08-11,1.0112911348316656
XRP,2026-08-12,1.0217976248782756
XRP,2026-08-13,1.0045392098190313
XRP,2026-08-14,1.0084078498627047
XRP,2026-08-15,0.9986457958160457
XRP,2026-08-16,1.001843753853044
XRP,2026-08-17,0.9927072784932938
XRP,2026-08-18,1.0024131723623284
XRP,2026-08-19,1.0011429230744608
XRP,2026-08-20,1.1051485598996633
XRP,2026-08-21,1.2681797698816397
XRP,2026-08-22,1.4542994943305336
XRP,2026-08-23,1.4637843769045962
XRP,2026-08-24,1.52050482788377
XRP,2026-08-25,1.4804016400422346
XRP,2026-08-26,1.434049819401547
XRP,2026-08-27,1.422486925574032
XRP,2026-08-28,1.453606158145044
XRP,2026-08-29,1.3834326975271105
XRP,2026-08-30,1.3962919749950886
XRP,2026-08-31,1.3579266931353293
XRP,2026-09-01,1.3792804733945896
XRP,2026-09-02,1.3514651765110592
XRP,2026-09-03,1.350370850400152
XRP,2026-09-04,1.4512912373932785
XRP,2026-09-05,1.3986937238549557
XRP,2026-09-06,1.4122708256630054
XRP,2026-09-07,1.4226486567524865
XRP,2026-09-08,1.3960935547617492
XRP,2026-09-09,1.4172841566021832
XRP,2026-09-10,1.3947406589248457
XRP,2026-09-11,1.3340102087604153
XRP,2026-09-12,1.3557713966363036
XRP,2026-09-13,1.3662323076269962
XRP,2026-09-14,1.4326763336978035
